,beta,gamma,alpha,p_0,p_k,p_p,y_mean,y_std,n_unique,r_hat,p0_nb,pk_nb,zero_inflated,k_inflated,POISSON_MSE,POISSON_MAE,POISSON_R2,POISSON_LLF,POISSON_AIC,POISSON_BIC,NEGATIVE_BINOMIAL_MSE,NEGATIVE_BINOMIAL_MAE,NEGATIVE_BINOMIAL_R2,NEGATIVE_BINOMIAL_LLF,NEGATIVE_BINOMIAL_AIC,NEGATIVE_BINOMIAL_BIC,ZK_HURDLE_POISSON_MSE,ZK_HURDLE_POISSON_MAE,ZK_HURDLE_POISSON_R2,ZK_HURDLE_POISSON_LLF,ZK_HURDLE_POISSON_AIC,ZK_HURDLE_POISSON_BIC,ZK_HURDLE_NB_MSE,ZK_HURDLE_NB_MAE,ZK_HURDLE_NB_R2,ZK_HURDLE_NB_LLF,ZK_HURDLE_NB_AIC,ZK_HURDLE_NB_BIC,ZINB_MSE,ZINB_MAE,ZINB_R2,ZINB_LLF,ZINB_AIC,ZINB_BIC,ZIP_MSE,ZIP_MAE,ZIP_R2,ZIP_LLF,ZIP_AIC,ZIP_BIC,ZKINB_MSE,ZKINB_MAE,ZKINB_R2,ZKINB_LLF,ZKINB_AIC,ZKINB_BIC,ZKIP_MSE,ZKIP_MAE,ZKIP_R2,ZKIP_LLF,ZKIP_AIC,ZKIP_BIC
0,-2.0,-2.0,0.0,0.16428571428571428,0.13285714285714287,0.7028571428571428,1.6892857142857143,1.635436581844109,15,2.8960640430716564,0.26427068339031784,0.12166649591017613,False,True,2.632372773372214,1.0595245654348062,0.10531136856684564,-2322.922823271941,4649.845646543882,4660.334101575088,2.6343530320654662,1.0604912867464684,0.1046383199173263,-2289.955204128365,4585.91040825673,4601.64309080354,2.672458874884388,1.060013226486653,0.09168693829458108,-2459.375543306087,4926.751086612174,4947.727996674587,2.6863803791784204,1.0609233558554334,0.08695530919162453,-2785.6845019066322,5581.3690038132645,5607.590141391282,2.709179530670396,1.0521127023042156,0.07920635286882316,-2217.1459914478173,4444.291982895635,4470.513120473652,2.7089184935261144,1.0532386943802852,0.07929507395260471,-2207.236925226567,4422.473850453134,4443.450760515548,2.733548447623385,1.0605599209963665,0.07092386598903078,-2191.144789328542,4396.289578657084,4432.999171266308,2.62508153853843,1.0563742344839198,0.10778950729434011,-2297.2482495554113,4606.496499110823,4637.9618642044425
1,-2.0,-2.0,1.0,0.135,0.11857142857142858,0.7464285714285714,3.1471428571428572,3.833721242380647,30,0.8575127048391228,0.26671389837295434,0.09819938965781524,False,True,15.22240931421257,2.3686423886931327,0.20942159468430188,-3559.5740376839217,7123.148075367843,7133.63653039905,15.18135226850662,2.3676999943915202,0.21155389930515311,-3015.5243047134363,6037.048609426873,6052.7812919736825,15.219901757377256,2.3672675670777372,0.20955182507314385,-3004.1427967214195,6016.285593442839,6037.262503505252,15.333194898074392,2.361817749136417,0.2036679266273227,-3300.639759882665,6611.27951976533,6637.5006573433475,16.01917715187573,2.3578779150425166,0.1680413221200595,-2833.364830076717,5676.729660153434,5702.9507977314515,15.863070077609176,2.3606752253796035,0.1761487694554117,-2946.2429302743503,5900.485860548701,5921.462770611114,16.677743845364116,2.3674233364281805,0.13383854937987494,-2780.5848918428983,5575.169783685797,5611.87937629502,20.16541622077459,2.5941084808512587,-0.04729430599810103,-2962.6419699710514,5937.283939942103,5968.7493050357225
2,-2.0,-2.0,2.0,0.16071428571428573,0.11714285714285715,0.7221428571428572,7.195,10.38018418580502,60,0.514832076775261,0.24824300690695403,0.06595116814348437,False,True,82.00445761301101,5.706921803394397,0.09933862524431358,-7256.3325233825,14516.665046765,14527.153501796207,85.8109536125048,5.794466482024201,0.057531581826198774,-4023.012815342389,8052.025630684778,8067.758313231588,80.7282759340142,5.6491783946884615,0.11335502848506762,-3747.343081873484,7502.686163746968,7523.663073809382,80.03850243829305,5.621798909890776,0.12093086476287118,-4001.9699896864977,8013.939979372995,8040.161116951012,78.27001793232925,5.535189334249476,0.14035426847455856,-3826.565193883045,7663.13038776609,7689.351525344107,78.2226813847105,5.5324443738131075,0.14087416948110754,-4692.13066202965,9392.2613240593,9413.238234121713,77.12261706566008,5.4179737462683075,0.15295626197650902,-3472.243782142795,6958.48756428559,6995.197156894814,166.47509098240334,6.815986802217191,-0.828408950820253,-3786.0665930408077,7584.133186081615,7615.598551175235
3,-2.0,-1.0,0.0,0.14857142857142858,0.2864285714285714,0.565,1.8057142857142856,1.4124824632092554,12,17.216127378487588,0.17957561953433746,0.15429182942034778,False,True,1.6328628092040114,1.0388455546951112,0.0037292764050634863,-2302.0982397147363,4608.196479429473,4618.684934460679,1.6329081494721989,1.0387538516742496,0.0037016126101991897,-2300.5238782655365,4607.047756531073,4622.780439077883,1.6685143281636712,1.0174126423086833,-0.018023049871823016,-2325.4261816293993,4658.8523632587985,4679.829273321212,1.665278522528845,1.0181828868492797,-0.01604876372662467,-2592.712922908946,5195.425845817892,5221.646983395909,1.6845286140871316,1.022114256400165,-0.027793965183807945,-2235.571671615542,4481.143343231084,4507.364480809101,1.6874456273195935,1.021103858401996,-0.029573744150821923,-2203.5644183415093,4415.128836683019,4436.105746745432,1.7083436605511708,1.0190770294918832,-0.04232441651103325,-2099.318080178983,4212.636160357966,4249.34575296719,1.648434859725899,1.0320902540782424,-0.0057718145340219795,-2213.7083970335034,4439.416794067007,4470.8821591606265
4,-2.0,-1.0,1.0,0.155,0.255,0.59,2.6514285714285712,2.719938971330174,22,1.4810633004010487,0.21876676216051646,0.12318483502963147,False,True,7.078909786814444,1.7167800079309272,0.07547109758162607,-3142.95893895865,6289.9178779173,6300.406332948506,7.105559269689642,1.7252448064738959,0.07199058746147802,-2864.0413503135414,5734.082700627083,5749.815383173893,6.747773434246625,1.6910892879252595,0.11871859441519106,-2687.5357773723126,5383.071554744625,5404.048464807039,6.755696760124415,1.6777139187113905,0.1176837819938008,-2967.8606028897048,5945.7212057794095,5971.942343357427,6.703996428899098,1.6564622077674274,0.12443601530682336,-2686.725870352963,5383.451740705926,5409.672878283943,6.72171789490738,1.6547433675851764,0.1221215335559187,-2743.697812882393,5495.395625764786,5516.3725358271995,6.866873555696134,1.6781970083923476,0.10316372680454444,-2503.5076694965137,5021.015338993027,5057.724931602251,13.735967184506407,2.194997230241043,-0.7939624952419797,-2695.933544886464,5403.867089772928,5435.332454866548
5,-2.0,-1.0,2.0,0.15142857142857144,0.2757142857142857,0.5728571428571428,5.551428571428572,7.3340734041066336,48,0.6388919039245968,0.23435273180130764,0.07783822690013606,False,True,54.199375892655034,4.571528997270793,0.039423081978207986,-6096.719493113592,12197.438986227184,12207.92744125839,56.708077351044814,4.698282836387909,-0.005038697801499792,-3799.2231270847433,7604.446254169487,7620.178936716296,52.92734699581366,4.588735976134721,0.061967282483072816,-3331.4465283238405,6670.893056647681,6691.869966710095,52.75671890340703,4.572881452722195,0.0649913285063427,-3554.258610771942,7118.517221543884,7144.738359121901,51.4238249152439,4.445413402183475,0.08861424257338502,-3885.7718912086525,7781.543782417305,7807.764919995322,51.42912499397434,4.4131704381935,0.08852030914318754,-4754.040854891963,9516.081709783926,9537.058619846339,51.006761959824885,4.361509656518348,0.0960058599442366,-3121.5652694482683,6257.130538896537,6293.84013150576,155.592205606992,6.292792596912046,-1.7575646189393033,-3377.306567365995,6766.61313473199,6798.0784998256095
6,-2.0,0.0,1.0,0.155,0.48,0.365,2.4085714285714284,1.8046673550070444,15,6.839017915828727,0.12701373673590716,0.17723595859846664,True,True,3.2731251750756454,1.2905714388370049,6.019790695788174e-05,-2670.3231339366366,5344.646267873273,5355.1347229044795,3.273307705609718,1.290189802942137,4.434825390919883e-06,-2646.5007778692047,5299.0015557384095,5314.734238285219,3.1164667664569796,1.2128533476315115,0.04791934466468595,-2142.326797256058,4292.653594512116,4313.630504574529,3.1115809540130326,1.2161522701068763,0.04941196045752716,-2302.3275138531794,4614.655027706359,4640.876165284376,3.1209482902114525,1.239624926323595,0.04655023907402689,-2512.1395139451456,5034.279027890291,5060.500165468308,3.117815070307314,1.239838940015499,0.04750743781323663,-2479.1230312405555,4966.246062481111,4987.2229725435245,3.0938965332658572,1.2030215743942143,0.05481455132594759,-2018.1058059983438,4050.2116119966877,4086.921204605911,4.218671775530828,1.4244353862302852,-0.288804306184931,-2204.7863111140614,4421.572622228123,4453.037987321743
7,-2.0,0.0,2.0,0.16428571428571428,0.48642857142857143,0.3492857142857143,3.744285714285714,4.162741430315394,27,1.0320627815509684,0.20571968914745287,0.10503280399498195,False,True,27.216913654085165,2.856138962896379,0.002913189363500379,-4272.387046309948,8548.774092619897,8559.262547651104,27.124814527192733,2.854779986302646,0.006287224563182092,-3380.623052749088,6767.246105498176,6782.978788044986,25.9726829851189,3.0004653905623857,0.048495359523689774,-2433.059416874632,4874.118833749264,4895.0957438116775,25.98344436954199,2.989247803101202,0.048101118111572805,-2620.151599183877,5250.303198367754,5276.524335945771,26.396622082070866,2.839687030440035,0.03296442580150749,-3373.820659745067,6757.641319490134,6783.862457068151,26.544474500821547,2.8307810998693936,0.02754787863048469,-3716.537428611562,7441.074857223124,7462.051767285538,25.903602279165437,2.944057504237745,0.051026118949651256,-2342.8693699563037,4699.738739912607,4736.448332521831,44.19465697071772,4.062721822644146,-0.6190634296807176,-2533.0171156925117,5078.034231385023,5109.499596478643
8,-2.0,1.0,2.0,0.16214285714285714,0.6728571428571428,0.16500000000000004,2.8385714285714285,2.2013572301312845,20,4.013888024243689,0.11685550757430685,0.1675533882877754,True,True,3.216194498354115,1.078537108048767,0.03158757690099212,-2912.2154626998863,5828.430925399773,5838.919380430979,3.2121711526847374,1.0857584666921483,0.03279902662228251,-2842.01513946471,5690.03027892942,5705.76296147623,3.148063534539946,1.0534302450921018,0.052102154545196955,-1557.2566552927597,3122.5133105855193,3143.490220647933,3.1339404676988036,1.0487603023182397,0.05635468137099031,-1637.8520293542128,3285.7040587084257,3311.9251962864423,3.030475796828228,0.9823686131244191,0.08750841684133925,-2710.544641297182,5431.089282594364,5457.310420172381,3.0292459664209037,0.9897220538371098,0.08787872499445848,-2709.098084012984,5426.196168025968,5447.173078088382,3.069230943392743,1.0724711034892456,0.07583904628203209,-1508.1606583263283,3030.3213166526566,3067.03090926188,15.4599241894503,2.409875683691708,-3.655061331923249,-1691.620957711587,3395.241915423174,3426.707280516794
9,-1.0,-2.0,0.0,0.2978571428571429,0.12714285714285714,0.5750000000000001,1.2721428571428572,1.2708064144953939,10,4.720883074039241,0.3241965171066512,0.09380779564057987,False,True,1.5954161659513288,0.944053433980544,-0.0018119654820480946,-2104.3269544499753,4212.653908899951,4223.142363931157,1.5954241510661145,0.9440649660187913,-0.001816979586648948,-2086.4393685733066,4178.878737146613,4194.611419693423,1.613883843686729,0.9448629467003,-0.013408400897981343,-2251.214213864795,4510.42842772959,4531.405337792004,1.6133755273229533,0.9437924184422305,-0.013089213073294026,-2533.437133031732,5076.874266063464,5103.095403641481,1.6558920427383184,0.9379479663456709,-0.039786669688519405,-1975.6371630158858,3961.2743260317716,3987.495463609788,1.6556527765478484,0.9401732440489758,-0.03963642692574454,-1961.1588932176637,3930.3177864353274,3951.294696497741,1.6493259499962194,0.9406304197878054,-0.0356636136383901,-1943.0873499335994,3900.174699867199,3936.884292476422,1.5950015969059737,0.9434216650453755,-0.0015516445457188777,-2094.075376141298,4200.150752282596,4231.616117376216
10,-1.0,-2.0,1.0,0.30857142857142855,0.11214285714285714,0.5792857142857144,2.055,2.5098469406470465,17,0.994979971605741,0.3280647041373103,0.09942591010369073,False,True,7.266978333173743,1.8142854575376448,0.029357990166160586,-3173.1726321046854,6350.345264209371,6360.833719240577,7.245646179070081,1.8110728147273838,0.03220730166592667,-2691.225220112732,5388.450440225464,5404.183122772274,7.124239531777645,1.7751643976930522,0.048423449111580696,-2590.5234895445237,5189.046979089047,5210.023889151461,7.139233946909952,1.7749848547555227,0.046420662179649796,-2848.0684051373646,5706.136810274729,5732.357947852746,7.25283786807169,1.7584806597546045,0.03124671596626183,-2432.129193357439,4874.258386714878,4900.479524292895,7.26385181926848,1.763590129520645,0.029775595063497917,-2471.4160837662985,4950.832167532597,4971.80907759501,7.359264081556839,1.7641063685842762,0.017031487982897886,-2368.964198496098,4751.928396992196,4788.63798960142,10.585147081489668,2.1719982831852964,-0.41384602602451226,-2618.697176940839,5249.394353881678,5280.859718975298
11,-1.0,-2.0,2.0,0.2978571428571429,0.11857142857142858,0.5835714285714286,5.023571428571429,7.111600030827682,42,0.5540188534804954,0.27820329388233006,0.0744927252207093,True,True,38.157535614687795,4.357585692058408,0.030374619686537763,-6771.254142036005,13546.50828407201,13556.996739103217,38.97918988486556,4.392933875032427,0.009495471665756705,-3672.8296382798276,7351.659276559655,7367.391959106465,36.97717799762311,4.269039227645627,0.06036881833996677,-3234.960275412117,6477.920550824234,6498.897460886647,36.81334244836349,4.249405245288505,0.06453206169938797,-3499.67634669963,7009.35269339926,7035.573830977277,36.47756999832214,4.210033321546281,0.07306441276256315,-3455.435861713957,6920.871723427914,6947.092861005931,36.40703276877587,4.188227624807917,0.07485684214573163,-4090.175815964911,8188.351631929822,8209.328541992236,35.793483345469106,4.109356354451082,0.09044781476310182,-3053.6877490522093,6121.3754981044185,6158.085090713642,100.95515835453284,5.899040579756525,-1.565382754342235,-3351.1143966141035,6714.228793228207,6745.694158321827
12,-1.0,-1.0,-2.0,0.30357142857142855,0.26142857142857145,0.43499999999999994,1.2421428571428572,1.146494040858694,4,21.33881931372733,0.29899320074760577,0.09227984461329439,True,True,1.3441499828334944,0.9767202734809763,0.005215552010340629,-2035.599040694528,4075.198081389056,4085.6865364202627,1.3441476869491817,0.9767616280513418,0.005217251158529224,-2034.442399891681,4074.884799783362,4090.6174823301717,1.3528949711642788,0.9775141266522136,-0.0012564775253640637,-1987.5422522185352,3983.0845044370703,4004.061414499484,1.3528909404169818,0.977516183011378,-0.0012534944321258568,-2223.4271225296725,4456.854245059345,4483.075382637362,1.3677451274705206,0.9767700413856502,-0.012246846704645487,-1978.915018548516,3967.830037097032,3994.0511746750485,1.3710838107798842,0.9774256735665525,-0.014717754174298658,-1959.6679882801832,3927.3359765603664,3948.31288662278,1.3446811887143275,0.9723876202621508,0.004822414819043441,-1683.6248715970783,3381.2497431941565,3417.95933580338,1.357951043161928,0.9798035002999044,-0.00499839759039622,-1704.0069543078046,3420.013908615609,3451.4792737092293
13,-1.0,-1.0,-1.0,0.29714285714285715,0.2735714285714286,0.42928571428571427,1.2985714285714285,1.1645211316009094,5,29.307356178171567,0.2806561717273798,0.0993517052644396,True,True,1.3173060274280552,0.9833061017190331,0.003249071256011593,-2075.570569452848,4155.141138905696,4165.629593936902,1.3173051739857002,0.98334445433454,0.0032497170205053605,-2074.7956731965023,4155.591346393005,4171.3240289398145,1.2937804880808157,0.9651267322203984,0.021049872820206095,-1972.8699799051517,3953.7399598103034,3974.716869872717,1.293781065755884,0.9651405034087872,0.021049435717400256,-2206.549945795754,4423.099891591508,4449.321029169525,1.2913343097714205,0.9530101710719011,0.022900794664482027,-1998.361893702935,4006.72378740587,4032.9449249838867,1.2921159213291504,0.9529923576238715,0.02230938156087281,-1973.2088797891256,3954.417759578251,3975.3946696406647,1.2932801802143865,0.9615100053055218,0.021428435067806895,-1696.6762503551677,3407.3525007103353,3444.0620933195587,1.3484871213983778,0.9959789386595075,-0.020344371518143056,-1744.4976792531502,3500.9953585063004,3532.4607235999206
14,-1.0,-1.0,0.0,0.32785714285714285,0.2557142857142857,0.4164285714285714,1.355,1.2609959529768022,8,7.809190608658659,0.2866515257989172,0.10421104628922027,True,True,1.663370961488692,1.1124539151349382,-0.0024349614485243976,-2166.139701737293,4336.279403474586,4346.767858505792,1.6638274085401867,1.1128230207367893,-0.002710040485649712,-2155.2779603709714,4316.555920741943,4332.288603288753,1.6646491099854503,1.0976438542746736,-0.003205241060672215,-2046.8891844823934,4101.778368964787,4122.7552790272,1.6645963022810217,1.0977005050413724,-0.003173416356274439,-2264.3660004977837,4538.732000995567,4564.9531385735845,1.6671032693194503,1.086013325493684,-0.0046842467511196695,-2014.4119317843965,4038.823863568793,4065.0450011468097,1.6690275914466208,1.087141531769971,-0.005843944630922859,-1985.765734490411,3979.531468980822,4000.5083790432354,1.6714037659478036,1.085279601855028,-0.007275952553170262,-1819.0890456560933,3652.1780913121866,3688.88768392141,1.6844700133653994,1.1181864564576538,-0.015150361527228595,-1943.8820830322643,3899.7641660645286,3931.229531158149
15,-1.0,-1.0,1.0,0.2857142857142857,0.2835714285714286,0.4307142857142857,2.0114285714285716,2.0715950805797356,16,1.7744329782932482,0.2606303629744037,0.12105395319475847,True,True,4.61580790643781,1.539990409754669,0.0022295813402563036,-2869.0058812817424,5742.011762563485,5752.500217594691,4.615200435771829,1.5399384805197676,0.0023608944869482063,-2649.8998312839867,5305.799662567973,5321.532345114783,4.475154816607582,1.513064546317219,0.03263368289092028,-2406.2796073971167,4820.559214794233,4841.536124856647,4.475520429742161,1.5121763379955349,0.03255465057897178,-2571.8648498801335,5153.729699760267,5179.950837338284,4.44815329060977,1.4988421201037718,0.03847043442941345,-2432.4561359860586,4874.912271972117,4901.133409550134,4.456361934422623,1.5011026961476481,0.03669602307179254,-2440.5689625290706,4889.137925058141,4910.114835120555,4.503995014249288,1.5023903517963295,0.02639947716605484,-2226.6864134102757,4467.372826820551,4504.082419429775,6.805937669061101,1.8314261617493814,-0.4711971154518644,-2464.9169223316135,4941.833844663227,4973.299209756847
16,-1.0,-1.0,2.0,0.2907142857142857,0.26071428571428573,0.44857142857142857,3.6592857142857143,4.7184094379158035,31,0.7197537405403194,0.27262945007682826,0.08925934164615058,True,True,26.864635517882924,3.194209639688145,0.004088797835659741,-5045.23041031564,10094.46082063128,10104.949275662488,26.840626161001623,3.2006177430167964,0.004978859696314286,-3373.700777963045,6753.40155592609,6769.1342384729,25.99932228433645,3.1932183040839623,0.03616722086493662,-2800.0796608697847,5608.159321739569,5629.136231801983,26.01833349152248,3.20440136124278,0.03546244769983509,-3000.1012461382343,6010.202492276469,6036.423629854486,25.980710152022567,3.113198529111825,0.03685719974275248,-3274.602642449443,6559.205284898886,6585.426422476903,26.068462597555826,3.092666134932512,0.03360408866050024,-3658.812675769777,7325.625351539554,7346.602261601967,25.88959358078175,3.061883988705581,0.040235023869237496,-2652.145188636385,5318.29037727277,5354.999969881993,62.00559653584058,5.12414021897628,-1.2986378559210183,-2965.1441616934007,5942.2883233868015,5973.753688480421
17,-1.0,0.0,-2.0,0.31142857142857144,0.4407142857142857,0.2478571428571429,1.582142857142857,1.3224172560741436,4,15.021050135026886,0.22218497924522937,0.13125120741149487,True,True,1.7543538875427884,1.279626846040299,0.020022003293547974,-2296.762036608227,4597.524073216454,4608.01252824766,1.7547128967294254,1.279640235777675,0.01982146159781717,-2292.7535684400846,4591.507136880169,4607.239819426979,1.7013076721977447,1.2411089341998667,0.04965349567135202,-1620.2907769630651,3248.5815539261303,3269.5584639885437,1.7013064339280402,1.2411104019573433,0.04965418736592575,-1754.5749499221358,3519.1498998442717,3545.3710374222883,1.7040203511871932,1.2339124087292703,0.04813819950410558,-2122.3332406791587,4254.6664813583175,4280.887618936335,1.7033805284136772,1.234133740752047,0.04849560301561473,-2076.820320666827,4161.640641333654,4182.617551396067,1.7173298392335152,1.2390814826940872,0.04070355047152552,-1451.8837639384585,2917.767527876917,2954.4771204861404,1.7945772734216985,1.28980098242979,-0.0024466864014229817,-1502.4272050664435,3016.854410132887,3048.3197752265073
18,-1.0,0.0,-1.0,0.3142857142857143,0.44785714285714284,0.23785714285714288,1.6107142857142858,1.3311142354170853,5,16.09920742415393,0.21542558524946276,0.13458345478669326,True,True,1.7544661320278014,1.2766963516845655,0.03031114171927507,-2301.256052510565,4606.51210502113,4617.000560052336,1.7548927394924299,1.2764025978145226,0.030075356885496896,-2298.8439941187908,4603.6879882375815,4619.420670784391,1.7482829973953904,1.2532741977417217,0.03372854411470849,-1632.9406873412454,3273.881374682491,3294.8582847449043,1.7482700929855977,1.2532757949949855,0.033735676348366495,-1761.0787865268567,3532.1575730537133,3558.37871063173,1.7584695654711655,1.2468566877702418,0.02809845448979187,-2126.623812110298,4263.247624220596,4289.468761798613,1.7571923947142296,1.247223123261013,0.028804343438295743,-2079.579705866134,4167.159411732268,4188.136321794682,1.757957907339929,1.2466188380995937,0.028381246605325816,-1480.3442187061034,2974.688437412207,3011.3980300214303,1.7748292365869558,1.2858280907763622,0.019056506904412407,-1534.1284435284238,3080.2568870568475,3111.7222521504677
19,-1.0,0.0,0.0,0.30214285714285716,0.4514285714285714,0.24642857142857144,1.6657142857142857,1.3318430011223235,6,25.669032602857285,0.19910988090791773,0.14223571556993003,True,True,1.7150197500662618,1.2531937071603034,0.030695680532256797,-2330.2750221163988,4664.5500442327975,4675.038499264004,1.7149013653095626,1.2531092780427358,0.03076258988185654,-2329.0627854377667,4664.125570875533,4679.858253422343,1.6842160521661933,1.2207768828370542,0.04810548437210305,-1682.3734691061945,3372.746938212389,3393.7238482748025,1.6841438800063149,1.2207901093285178,0.048146275031401786,-1812.3620948656203,3634.7241897312406,3660.945327309257,1.6926422146940456,1.2130039968273274,0.04334313937026335,-2160.270808857147,4330.541617714294,4356.762755292311,1.6900693716760644,1.214020290603666,0.044797272974582025,-2109.721057353781,4227.442114707562,4248.419024769975,1.6975564435868409,1.210245823589667,0.04056568838612418,-1535.120522263962,3084.241044527924,3120.950637137147,1.742960681283394,1.2643242130456591,0.0149038709524133,-1613.4293867320946,3238.858773464189,3270.3241385578094
20,-1.0,0.0,1.0,0.3221428571428571,0.4492857142857143,0.22857142857142865,1.8314285714285714,1.5813009236222901,12,5.013018415667427,0.20991529396591116,0.14169173156693993,True,True,2.044868113289643,1.3089382405500902,0.009967506785869884,-2513.5094184835243,5031.018836967049,5041.507291998255,2.05188891086316,1.30945300650167,0.00656835469342576,-2477.9049137941156,4961.809827588231,4977.542510135041,1.9695210092380953,1.2556986179735172,0.04644716080160649,-1811.8214559455444,3631.6429118910887,3652.619821953502,1.9690551873798328,1.256161070589825,0.04667269064029478,-1906.5153805386926,3823.0307610773853,3849.251898655402,1.962206644081043,1.253063165335661,0.049988445017274175,-2248.638495267292,4507.276990534584,4533.498128112601,1.9624816937171992,1.2554473476423484,0.04985527844517523,-2201.5581646869314,4411.116329373863,4432.093239436276,1.981873424207237,1.2453596057627427,0.040466681126835935,-1708.0062291185764,3430.0124582371527,3466.722050846376,2.3762967441992386,1.3343842419833358,-0.15049522019856498,-1921.0268986809263,3854.0537973618525,3885.5191624554727
21,-1.0,0.0,2.0,0.30714285714285716,0.4542857142857143,0.23857142857142855,2.5914285714285716,2.997771049835477,25,1.0500843147979344,0.2709529610476962,0.1068618196266865,True,True,6.342135653014922,1.7212595809099538,0.023785782752014373,-3468.9239453518785,6941.847890703757,6952.336345734963,6.394922527378552,1.7478367380371114,0.0156605549017772,-2947.4662531790655,5900.932506358131,5916.665188904941,6.06194779591018,1.622155948625342,0.06691374225503566,-2090.916533428034,4189.833066856068,4210.809976918482,6.035768675756405,1.6162512626756487,0.0709433673982649,-2158.1254001783773,4326.250800356755,4352.471937934772,5.9899263824187035,1.5999938246336842,0.07799964953348582,-2773.661660087202,5557.323320174404,5583.544457752421,6.0036213723320975,1.603563255894136,0.07589164608008003,-2883.5617399194307,5775.123479838861,5796.100389901275,5.882210156132049,1.6238188356505487,0.09457988642566661,-1985.1366314361017,3984.2732628722033,4020.9828554814267,30.701314671882077,3.6698748107458794,-3.725704638097394,-2259.6436175553104,4531.287235110621,4562.7526002042405
22,-1.0,1.0,-2.0,0.31357142857142856,0.6171428571428571,0.06928571428571428,1.9221428571428572,1.390901089548344,4,296.4485257505607,0.1472036655448486,0.1726181793286611,True,True,1.8823995365481592,1.2876713138343738,0.019719724752729095,-2436.500435662606,4877.000871325212,4887.489326356418,1.882400104311273,1.287671556089266,0.019719429083839057,-2436.5005426072985,4879.001085214597,4894.733767761407,1.9012100836665267,1.2748699348879462,0.009923925322944616,-1117.9722179931557,2243.9444359863114,2264.921346048725,1.9012100296842012,1.274869925629909,0.009923953434834654,-1155.45804471683,2320.91608943366,2347.1372270116767,1.8914937484033423,1.269435584217566,0.014983813843558624,-2244.8512695337317,4499.7025390674635,4525.923676645481,1.8890504614496566,1.2704289384955507,0.016256182414079556,-2163.2765099029375,4334.553019805875,4355.5299298682885,1.9030989936334117,1.265436238289272,0.008940254669449366,-1065.1369982135989,2144.2739964271977,2180.983589036421,1.89911759338442,1.3148956304160762,0.011013612666077477,-1115.0410917106763,2242.0821834213525,2273.5475485149727
23,-1.0,1.0,-1.0,0.3092857142857143,0.6021428571428571,0.08857142857142863,1.9014285714285715,1.3831408929335043,4,310.333175437933,0.15022408837071793,0.17063063129676717,True,True,1.7061256472589725,1.2335774515398497,0.07106934552957056,-2417.9794695337023,4839.958939067405,4850.447394098611,1.706125649380125,1.233577409970058,0.07106934437467105,-2417.98293082285,4841.9658616457,4857.69854419251,1.6358174232070704,1.1826576375342708,0.1093499168861497,-1164.422621883495,2336.84524376699,2357.8221538294033,1.635820089484681,1.1826576408641118,0.10934846518356867,-1212.503853923612,2435.007707847224,2461.2288454252407,1.6177104004313085,1.1797040793357136,0.11920860961761548,-2225.3960251770213,4460.792050354043,4487.01318793206,1.6196685619546152,1.1818729234244734,0.11814245351807717,-2146.5470455243862,4301.0940910487725,4322.071001111186,1.6122904158941378,1.1715643541590934,0.12215961723620583,-1105.9723195665308,2225.9446391330616,2262.654231742285,1.8109062428966451,1.2876573438601875,0.014019674282977679,-1162.7184357585736,2337.436871517147,2368.9022366107674
24,-1.0,1.0,2.0,0.31857142857142856,0.6092857142857143,0.07214285714285718,2.0442857142857145,1.5338110476951374,11,13.555729134086297,0.14896068382197103,0.1714815391557486,True,True,2.444397424169316,1.2746242133748245,0.03889904565103963,-2526.457315654997,5056.914631309994,5067.4030863412,2.447385001367545,1.2746330144316376,0.03772437443431442,-2523.7719791559707,5053.543958311941,5069.276640858751,2.3759596557783937,1.2363701960448914,0.06580776510216624,-1224.4855918932913,2456.9711837865825,2477.948093848996,2.3757951803590953,1.2365443923267512,0.06587243440712132,-1253.3794776612208,2516.7589553224416,2542.980092900458,2.377142695544565,1.238871938882964,0.06534261134400166,-2302.1946746254416,4614.389349250883,4640.6104868289,2.375847076839769,1.2395490827723907,0.06585202947762414,-2221.0785533321964,4450.157106664393,4471.134016726806,2.3790940223785686,1.236703922204571,0.06457537846122086,-1197.38111365332,2408.76222730664,2445.4718199158633,2.7433385982127305,1.3214093175938209,-0.0786402075106929,-1376.4964244898506,2764.992848979701,2796.4582140733214
25,0.0,-2.0,-2.0,0.48928571428571427,0.11857142857142858,0.3921428571428571,0.7642857142857142,0.9618209609438,4,3.6323529678563458,0.4997571794136396,0.04146600907808176,False,True,1.0664207424492478,0.7648756001843244,0.006129074369227494,-1647.6861575464502,3299.3723150929004,3309.860770124107,1.0664872140898436,0.7647803020375793,0.006067124869993723,-1638.1017067408595,3282.203413481719,3297.936096028529,1.0683701618866122,0.7533721905793073,0.004312276154850969,-1737.6122802506643,3483.2245605013286,3504.201470563742,1.0683703068714787,0.753370740830423,0.004312141033469885,-1949.992344538843,3909.984689077686,3936.205826655703,1.077386013783668,0.7482676332826377,-0.00409021707656998,-1574.3249795278418,3158.6499590556837,3184.8710966337003,1.0788444871653142,0.7479054924692183,-0.005449468854152206,-1565.2081759645698,3138.4163519291396,3159.393261991553,1.0636303452629137,0.7717358877161593,0.008729637659181999,-1424.5568503529626,2863.113700705925,2899.8232933151485,1.0830959153651216,0.7717774513500182,-0.009411667554911851,-1439.1631316870225,2890.326263374045,2921.7916284676653
26,0.0,-2.0,-1.0,0.5,0.1392857142857143,0.3607142857142857,0.8378571428571429,1.057392902776654,6,2.505167576891482,0.4853951959744709,0.050383914541337026,True,True,0.854281184820865,0.7221107029814394,-0.004052323001995983,-1779.5529200320375,3563.105840064075,3573.5942950952817,0.8540845152815464,0.7219568572448679,-0.0038211736903579485,-1748.0091337887018,3502.0182675774035,3517.7509501242134,0.8609645217600428,0.711924354537344,-0.011907371314447746,-1753.5199734476646,3515.039946895329,3536.0168569577427,0.8609221490884984,0.7118449186467726,-0.011857569937510304,-1947.1961864262514,3904.392372852503,3930.6135104305195,0.8781492873494311,0.7131020123454493,-0.0321049410571177,-1638.7856340861388,3287.5712681722775,3313.792405750294,0.8787850155490327,0.71418868515542,-0.032852124053711185,-1626.1417219775547,3260.2834439551093,3281.260354017523,0.854098242157692,0.7174293489168047,-0.0038373071393049685,-1491.248477684464,2996.496955368928,3033.2065479781513,0.8512628836491991,0.7248886947763743,-0.0005048583536129136,-1545.7260226671979,3103.4520453343957,3134.917410428016
27,0.0,-2.0,0.0,0.4835714285714286,0.11428571428571428,0.4021428571428572,0.9307142857142857,1.1703628970247457,8,1.9730295586266622,0.4665271096579509,0.05966978645192161,True,True,1.286483825531355,0.8758623255146122,-0.0003956729573710849,-1904.259799270582,3812.519598541164,3823.008053572371,1.2879320115992083,0.8773670529906944,-0.001521811543154783,-1849.4047206074115,3704.809441214823,3720.542123761633,1.2955993930467433,0.8718007183787165,-0.007484121422845158,-1891.4170881657774,3790.8341763315548,3811.8110863939683,1.2955443552318913,0.8715051646128491,-0.007441322912102866,-2093.8056403262754,4197.611280652551,4223.832418230568,1.3276404626575038,0.880452962818066,-0.032399900975916385,-1702.0228199231806,3414.045639846361,3440.266777424378,1.327121540837384,0.8807471820569571,-0.031996376941530125,-1689.2200985207523,3386.4401970415047,3407.417107103918,1.3175966734702338,0.8813466517738535,-0.024589648686976107,-1637.4686049083707,3288.9372098167414,3325.646802425965,1.300932476013271,0.8842446615372649,-0.011631233899003668,-1814.241661729939,3640.483323459878,3671.9486885534984
28,0.0,-2.0,1.0,0.49714285714285716,0.12357142857142857,0.37928571428571434,1.3542857142857143,2.0844010810886817,16,0.6133172629169676,0.48922285297779255,0.06874974181401618,True,True,3.398068099497216,1.4139190112673732,-0.00041340876055495634,-2733.4166674820867,5470.833334964173,5481.32178999538,3.3963559914659256,1.413477985990776,9.064700925243141e-05,-2224.5447128547075,4455.089425709415,4470.822108256225,3.3655198529734727,1.4189317566918702,0.009169007277197605,-2078.598404826438,4165.196809652876,4186.17371971529,3.353319918356318,1.4110671469887655,0.012760747589526611,-2243.047947715503,4496.095895431006,4522.317033009023,3.307083612454915,1.3798055357732486,0.026373017573804725,-1990.8438487243911,3991.6876974487823,4017.908835026799,3.307444308140187,1.3793077261020572,0.02626682641180822,-2014.5638375654942,4037.1276751309883,4058.104585193402,3.3086897351042603,1.3795605680946006,0.02590016459161837,-1905.3535627616384,3824.7071255232768,3861.4167181325,6.24817218485697,1.9053485389252527,-0.8395026382492208,-2164.8044327152656,4341.608865430531,4373.074230524151
29,0.0,-2.0,2.0,0.49642857142857144,0.10785714285714286,0.3957142857142857,2.5485714285714285,4.122212458863491,28,0.4496806625354348,0.4260684268463795,0.06964663345334977,True,True,15.463033461250847,2.7415262145900403,0.00010273519446823975,-4732.352994046556,9468.705988093112,9479.19444312432,15.459803268431424,2.7403394179861422,0.0003116114782212298,-2773.73186549788,5553.46373099576,5569.19641354257,15.05127513195683,2.706813307194435,0.02672856047342853,-2411.437273878937,4830.874547757874,4851.851457820288,15.066631320566424,2.71151747922083,0.025735572194185097,-2596.8417647423603,5203.683529484721,5229.904667062738,14.927316396823777,2.651631764220932,0.0347441934033379,-2557.120622267529,5124.241244535058,5150.462382113075,14.946447684590082,2.639994210920729,0.03350709316956613,-2772.2661569176257,5552.532313835251,5573.509223897665,14.780368267168367,2.6200769608550893,0.044246406101702496,-2281.169027644408,4576.338055288816,4613.047647898039,61.75556141003655,5.120974337501503,-2.9933443263357287,-2562.76670316163,5137.53340632326,5168.99877141688
30,0.0,-1.0,-2.0,0.5028571428571429,0.24071428571428571,0.2564285714285714,0.9871428571428571,1.2145674554967305,4,1.996698012227159,0.4483834047980479,0.06470949753794424,True,True,1.5298972316937818,1.037598598158845,0.025101596955164784,-1984.1129394616678,3972.2258789233356,3982.7143339545423,1.5303480700830077,1.0381223947334621,0.024814308621947223,-1908.9631357633853,3823.9262715267705,3839.6589540735804,1.4986122175714096,1.0237924858090044,0.0450373871999572,-1630.9410986068801,3269.8821972137603,3290.8591072761737,1.4986126419509858,1.0237926953856387,0.045037116772007835,-1769.7743197486507,3549.5486394973013,3575.769777075318,1.4807534095090922,1.0119183463115522,0.05641757869227204,-1749.4296407692843,3508.8592815385687,3535.0804191165853,1.4813315292333549,1.0130429301745159,0.05604918270836112,-1732.5481420054261,3473.0962840108523,3494.0731940732658,1.5002538057931085,1.0145904397912624,0.04399131580206361,-1394.8025273528144,2803.605054705629,2840.314647314852,1.576145218281014,1.0511149415248804,-0.004369067697267415,-1428.1963059319269,2868.3926118638537,2899.857976957474
31,0.0,-1.0,-1.0,0.495,0.245,0.26,1.0242857142857142,1.2266909776388866,4,2.183546076186793,0.4317579242718857,0.06812957968269553,True,True,1.311746428473471,0.9394663677155131,0.01599337732036077,-2018.5153668945663,4041.0307337891327,4051.5191888203394,1.312525631977758,0.9405048794309747,0.015408857788238972,-1946.1459666220726,3898.291933244145,3914.024615790955,1.3047020601518466,0.9332784316364956,0.02127771042820059,-1649.4669144171464,3306.933828834293,3327.9107388967063,1.3047020785022236,0.9332782453660953,0.02127769666266477,-1791.5060300174373,3593.0120600348746,3619.233197612891,1.3134738748755295,0.9271131885715356,0.014697533350022773,-1779.9332944801665,3569.866588960333,3596.0877265383497,1.3124449283982673,0.9276043021854212,0.01546939758081567,-1759.117704767333,3526.235409534666,3547.2123195970794,1.3111505583732037,0.9260985628118124,0.01644036929395587,-1438.1543159099078,2890.3086318198157,2927.018224429039,1.3337517335821583,0.9454874731622722,-0.0005139029672120987,-1477.5300100320023,2967.0600200640047,2998.525385157625
32,0.0,-1.0,0.0,0.4992857142857143,0.25142857142857145,0.24928571428571422,1.0657142857142856,1.2642198434288026,6,2.1327078029407787,0.42134127393985044,0.07172717638962539,True,True,1.5912196024586125,1.099921439309759,0.019111203963869006,-2073.659290564219,4151.318581128438,4161.807036159645,1.5928965557076558,1.1013497454487868,0.018077465659664282,-1987.7367103702009,3981.4734207404017,3997.2061032872116,1.5705567474787205,1.0787535088622493,0.03184858032133664,-1660.4062261666902,3328.8124523333804,3349.789362395794,1.5705515598544686,1.0787758481723513,0.03185177817190277,-1793.9361819136864,3597.8723638273727,3624.0935014053894,1.5626483753289442,1.0622203732775504,0.036723604249280895,-1796.8567833526513,3603.7135667053026,3629.934704283319,1.562881655202374,1.0635547883340546,0.036579801587577565,-1771.9480559946667,3551.8961119893333,3572.873022051747,1.5593221815934075,1.060304405940046,0.03877399764789935,-1483.9388391004838,2981.8776782009677,3018.587270810191,1.6316078094341464,1.1114739476469593,-0.005785635952556101,-1563.6077063505,3139.215412701,3170.68077779462
33,0.0,-1.0,1.0,0.49857142857142855,0.24714285714285714,0.25428571428571434,1.2307142857142856,1.5096731904754197,10,1.4447341714671968,0.41056001254513186,0.08103686996513797,True,True,2.3088153510415594,1.2820331106575542,0.026140470852457187,-2306.5263348645285,4617.052669729057,4627.541124760263,2.3102199669421215,1.2805346795861505,0.02554800312699046,-2129.1554712408374,4264.310942481675,4280.043625028485,2.284267470869432,1.2738652389603409,0.03649477961743208,-1771.1119719553399,3550.2239439106797,3571.200853973093,2.2834412494268244,1.27288838115358,0.03684328025638828,-1885.6793144931912,3781.3586289863824,3807.579766564399,2.2720706399184327,1.2642687606616088,0.04163940932620214,-1894.671741941326,3799.343483882652,3825.5646214606686,2.272637335149625,1.2648228960549277,0.041400376979691456,-1872.4845874225584,3752.969174845117,3773.9460849075303,2.2827539268938843,1.2588563734943286,0.03713319326220721,-1639.7847224989646,3293.569444997929,3330.2790376071525,2.621174237491745,1.3787097125532182,-0.10561267170448208,-1893.5709369743208,3799.1418739486417,3830.607239042262
34,0.0,-1.0,2.0,0.5035714285714286,0.24785714285714286,0.24857142857142858,1.8407142857142857,2.5840384423812814,18,0.7005480800795826,0.40547604115422164,0.08262345611257904,True,True,7.249871380087463,1.9311901340312538,0.01351519616787833,-3229.1765340843513,6462.3530681687025,6472.841523199909,7.595975437154182,1.9673665138472347,-0.03357893487818808,-2490.7745374957076,4987.549074991415,5003.281757538225,6.879475329261546,1.8731868542661652,0.06391472139846088,-1951.0610400214227,3910.1220800428455,3931.098990105259,6.878163677604962,1.8711344126504044,0.06409319689951543,-2090.0395732014813,4190.079146402963,4216.30028398098,6.915827403651073,1.8557192799657203,0.05896832068416169,-2239.784361091406,4489.568722182812,4515.789859760829,6.935497134457971,1.8583869784424443,0.056291874507506945,-2284.8369081437227,4577.673816287445,4598.650726349859,6.839552547378071,1.830729749959575,0.06934698572289055,-1868.0326323301001,3750.0652646602002,3786.7748572694236,19.948813306284762,3.2252908418369324,-1.7144207323711904,-2140.5488137214497,4293.0976274428995,4324.562992536519
35,0.0,0.0,-2.0,0.48714285714285716,0.3921428571428571,0.12071428571428577,1.2985714285714285,1.4033547936320188,4,2.5137211960347314,0.3510309868927196,0.09218328561728585,True,True,1.8822936642487136,1.3031267249466976,0.04790272687740982,-2271.49585297404,4546.99170594808,4557.480160979287,1.896481267552844,1.3020742274350716,0.0407263873536835,-2172.8625289812653,4351.725057962531,4367.4577405093405,1.8132020840839354,1.2581429100269612,0.08285046448076194,-1296.1331674574997,2600.2663349149993,2621.243244977413,1.8132017956489612,1.2581429482426834,0.08285061037624974,-1361.428689272272,2732.857378544544,2759.078516122561,1.8080300865006522,1.2541049144008556,0.08546655191130947,-1905.189094002512,3820.378188005024,3846.599325583041,1.8074095932746166,1.255208349176188,0.08578040830881029,-1860.6605645628752,3729.3211291257503,3750.298039188164,1.8965350608654308,1.2705994835003116,0.040699177749146775,-1201.2072719178946,2416.414543835789,2453.1241364450125,2.2962990266051255,1.3772697025992469,-0.16150847395930845,-1246.2588780922683,2504.5177561845367,2535.983121278157
36,0.0,0.0,-1.0,0.5057142857142857,0.3657142857142857,0.12857142857142861,1.23,1.3861203126303612,4,2.18839200967772,0.37680407643735925,0.08549844918874272,True,True,1.8025410673506206,1.258376574613982,0.07004420486044771,-2232.534964822688,4469.069929645376,4479.558384676582,1.801912430123572,1.2548851043183267,0.07036852747529576,-2120.0398715379133,4246.079743075827,4261.8124256226365,1.750832038803277,1.2286028840732168,0.09672160579718048,-1323.236989396392,2654.473978792784,2675.4508888551973,1.7508320052719915,1.2286028875758532,0.09672162309643317,-1392.8231590802125,2795.646318160425,2821.8674557384415,1.7391129700231855,1.2185676307233118,0.10276763499622843,-1864.1741839744927,3738.3483679489855,3764.569505527002,1.7401991168686417,1.2198168890204621,0.10220727685981768,-1823.7910881120674,3655.582176224135,3676.5590862865483,1.7339840773684523,1.210991842194555,0.1054137014483667,-1219.9871283715868,2453.9742567431736,2490.683849352397,1.8908613560573182,1.2956491869864608,0.024478549908734104,-1260.4899649867116,2532.979929973423,2564.4452950670434
37,0.0,0.0,0.0,0.48928571428571427,0.395,0.11571428571428566,1.3164285714285715,1.4108793416503052,5,2.570613636643956,0.3454322699892288,0.09382097948233104,True,True,1.863099725902202,1.2938742428504115,0.04325451034137506,-2265.9834076697553,4535.9668153395105,4546.455270370717,1.8798444946375965,1.2921750315723979,0.034655678115575905,-2175.104456122319,4356.208912244638,4371.941594791448,1.823329879215912,1.2610307318699934,0.06367726115418915,-1318.698392448696,2645.396784897392,2666.3736949598056,1.823330615085816,1.2610334628248654,0.0636768832677016,-1381.0936783008415,2772.187356601683,2798.4084941796996,1.8375132118974038,1.2615247399627978,0.05639378653246774,-1897.389240638072,3804.778481276144,3830.9996188541604,1.8346490956506492,1.2623820606231166,0.05786457752816354,-1852.1770333789366,3712.354066757873,3733.3309768202867,1.864396914912605,1.2638741536070435,0.042588373302287374,-1217.3056985168903,2448.6113970337806,2485.320989643004,1.916624617283399,1.3312333227219952,0.015768220852158565,-1287.4775799428137,2586.9551598856274,2618.4205249792476
38,0.0,0.0,1.0,0.5142857142857142,0.37857142857142856,0.1071428571428572,1.2964285714285715,1.4367737822134699,7,2.188759221898322,0.3612508888282727,0.09060037926193562,True,True,1.9965924680250238,1.3136294439004514,0.05719194820264495,-2285.111308143455,4574.22261628691,4584.711071318116,2.0093514639204555,1.308410407443325,0.05116704113938153,-2163.348837147241,4332.697674294482,4348.4303568412915,1.9792281504675635,1.2916408801858414,0.0653915275706538,-1306.1388731572865,2620.277746314573,2641.2546563769865,1.9790143249487104,1.291589148518012,0.06549249781074173,-1360.3526237008982,2730.7052474017964,2756.926384979813,1.9610675064789227,1.287655602085265,0.07396713909504882,-1875.0636809956243,3760.1273619912486,3786.348499569265,1.9610716942634925,1.288470055857593,0.07396516158733257,-1826.9759445353766,3661.951889070753,3682.9287991331666,1.9787356350790901,1.283658635582395,0.06562409755242182,-1244.6512262100669,2503.3024524201337,2540.012045029357,2.061424487541907,1.3578750890872782,0.026577713703772377,-1374.3555546446626,2760.711109289325,2792.1764743829453
39,0.0,0.0,2.0,0.49857142857142855,0.3842857142857143,0.11714285714285716,1.5264285714285715,1.7667855545459012,14,1.460711146821444,0.351698010125874,0.0972908152666287,True,True,2.7691259547901343,1.4305955692241985,0.06755063705266418,-2512.9512752485475,5029.902550497095,5040.391005528301,2.8450661084859856,1.4306782387594865,0.04197926576370958,-2305.2377008110834,4616.475401622167,4632.208084168977,2.6316487681525964,1.3740113847260333,0.11384340855993902,-1447.146317948735,2902.29263589747,2923.2695459598835,2.630836485766214,1.3735575582881712,0.11411692887143143,-1492.2169137149458,2994.4338274298916,3020.6549650079082,2.6487609756997705,1.3764620119331432,0.10808120514756503,-2007.8143647793968,4025.6287295587936,4051.84986713681,2.6507623841334125,1.378075869102064,0.10740726974360892,-1971.4521457376782,3950.9042914753563,3971.88120153777,2.6249003910839823,1.355680395679638,0.11611579342118838,-1396.3877704764898,2806.7755409529796,2843.485133562203,5.918047614708703,1.9349064900416328,-0.9927875504114974,-1652.8948644180225,3317.789728836045,3349.2550939296652
40,0.0,1.0,-2.0,0.47214285714285714,0.5021428571428571,0.02571428571428569,1.532857142857143,1.482923664836341,4,3.526916524429565,0.28003062534706585,0.11451084688269236,True,True,2.0121247463693406,1.3455467992845294,0.08828838280028528,-2363.9803479804204,4731.960695960841,4742.449150992047,2.0282947387225168,1.337259026863638,0.08096161545893532,-2307.4180588237573,4620.836117647515,4636.5688001943245,1.992518461862569,1.3202933326104846,0.09717216467673229,-992.3636657135924,1992.7273314271847,2013.7042414895982,1.9925183362223826,1.3202932980759639,0.09717222160541816,-1006.2810671184961,2022.5621342369923,2048.783271815009,1.9929780814949216,1.32019933007954,0.09696390693373447,-1984.895142479183,3979.790284958366,4006.0114225363827,1.9913588354283418,1.320917355635401,0.0976976017270963,-1915.5169357217565,3839.033871443513,3860.0107815059264,2.0032288614948857,1.3143736545556464,0.09231918735151712,-966.6950126074971,1947.3900252149942,1984.0996178242176,2.1856357329356797,1.4718659544350337,0.009669011685370488,-1061.8304940195953,2135.6609880391907,2167.126353132811
41,0.0,1.0,-1.0,0.4992857142857143,0.4614285714285714,0.03928571428571426,1.4235714285714285,1.4721192881730927,3,2.725463092609201,0.3181153370022303,0.10275310346017433,True,True,1.9162264637618989,1.3217528122699636,0.11551521284530586,-2333.0016741431114,4670.003348286223,4680.491803317429,1.9231047994210257,1.3108663272195564,0.1123403358845223,-2243.473644676109,4492.947289352218,4508.679971899028,1.8606469699301602,1.2842543034826412,0.14116939187977273,-1043.909897303713,2095.819794607426,2116.7967046698395,1.8606469699301602,1.2842543034826412,0.14116939187977273,-1065.1560871653069,2140.3121743306137,2166.5333119086304,1.8601366503493189,1.2865415259900297,0.14140494332130482,-1926.0410873833905,3862.082174766781,3888.3033123447976,1.8606475669408136,1.2876957502335213,0.1411691163137836,-1864.3946577581569,3736.7893155163138,3757.7662255787272,1.858341838515352,1.278611370132292,0.14223338598868795,-1004.9271355679587,2023.8542711359173,2060.5638637451407,2.143906882540584,1.4508944395378036,0.01042331971519439,-1077.212407316124,2166.424814632248,2197.890179725868
42,0.0,1.0,0.0,0.4907142857142857,0.47785714285714287,0.03142857142857147,1.47,1.4791232455110046,4,3.0104252098664626,0.30208244379151045,0.10756262464070346,True,True,2.0281711267236338,1.342263549914404,0.06640939646697042,-2333.9765448367853,4671.9530896735705,4682.441544704777,2.061676569775757,1.3386901312105486,0.05098645390136736,-2264.873529976624,4535.747059953248,4551.479742500058,1.9561400069848174,1.2998967939595985,0.09956615314497097,-992.4566092353407,1992.9132184706814,2013.8901285330949,1.9561311954151976,1.2999011534139442,0.09957020921227755,-1009.8585026102502,2029.7170052205004,2055.938142798517,1.958787019724773,1.3055054953450673,0.09834770259664516,-1933.5056397446533,3877.0112794893066,3903.2324170673232,1.9580804347347756,1.3060286903425102,0.09867295183156788,-1866.480650273047,3740.961300546094,3761.9382106085077,1.9617615071932357,1.2975266173836097,0.09697851164707794,-973.1810113588443,1960.3620227176887,1997.071615326912,2.1582372630396085,1.4561636185974514,0.006538451110106314,-1074.7220969031505,2161.444193806301,2192.909558899921
43,0.0,1.0,1.0,0.5107142857142857,0.45071428571428573,0.03857142857142859,1.3992857142857142,1.4725992166834179,5,2.5452948800511557,0.32788779231219406,0.10005602094668618,True,True,1.9641699907197843,1.3081326580832067,0.08344725305663259,-2293.3494345855333,4590.698869171067,4601.187324202273,2.0395259576589955,1.3001246375641813,0.048283433823554156,-2204.300696881845,4414.60139376369,4430.3340763105,1.8404227901715577,1.2406527941786971,0.14119217183907717,-1009.5061900642204,2027.0123801284408,2047.9892901908543,1.840436991687708,1.2406751920999333,0.14118554489807933,-1030.283816412958,2070.567632825916,2096.7887704039326,1.8416430783025446,1.2455364934701718,0.14062274126850394,-1868.819398776531,3747.638797553062,3773.8599351310786,1.8434157436320444,1.2486134315046236,0.1397955515217708,-1807.7148436775733,3623.4296873551466,3644.40659741756,1.8487669718215478,1.233313274110562,0.13729847493482383,-978.6796481098531,1971.3592962197063,2008.0688888289296,2.128405907999959,1.4382545394079287,0.006808834874332148,-1100.1814916587734,2212.362983317547,2243.828348411167
44,0.0,1.0,2.0,0.47,0.4878571428571429,0.04214285714285715,1.5357142857142858,1.4900706110162556,6,3.444977599497122,0.28083278540810525,0.11439601007206204,True,True,1.9443012424415842,1.3266695973129616,0.12600835188125536,-2369.3609445939296,4742.721889187859,4753.2103442190655,1.9477379412452214,1.315674859934538,0.12446350585332877,-2311.334852035493,4628.669704070986,4644.402386617796,1.907855700598617,1.2918627510687453,0.1423911522861533,-1074.1230817542876,2156.246163508575,2177.2230735709886,1.9078756766407972,1.291858514560375,0.14238217276505494,-1091.6651395735164,2193.330279147033,2219.5514167250494,1.909828908546172,1.2937400662279552,0.14150416665423604,-1988.6301928879911,3987.2603857759823,4013.481523353999,1.9089320388311664,1.2945818804392093,0.14190732261754813,-1920.158053298525,3848.31610659705,3869.2930166594633,1.9093672242262059,1.290145791442277,0.14171170046170878,-1043.1755284492401,2100.3510568984802,2137.0606495077036,2.17494075387639,1.46115103273117,0.022332541610684875,-1158.0912711978453,2328.1825423956907,2359.647907489311
45,0.0,2.0,-2.0,0.4835714285714286,0.5114285714285715,0.0050000000000000044,1.5392857142857144,1.496681887755,3,3.381133992907781,0.2812411170124348,0.1143935549823648,True,True,1.9390701999741273,1.2966688797841035,0.13292326344285965,-2350.2179038644153,4704.435807728831,4714.924262760037,1.9516360191648805,1.2897837072566531,0.127304318086353,-2300.268153796832,4606.536307593664,4622.268990140474,1.9347605200474625,1.2733690544063725,0.13485038459941623,-877.4286301432883,1762.8572602865765,1783.83417034899,1.9347605200474625,1.2733690544063725,0.13485038459941623,-880.1326906711274,1770.2653813422548,1796.4865189202717,1.9395957279677891,1.2751805106187577,0.13268826777446163,-1962.5975036824916,3935.195007364983,3961.416144943,1.9372194877725315,1.274998863383781,0.13375082992090037,-1887.6268384818254,3783.253676963651,3804.2305870260643,1.9402617784122618,1.2744821396030428,0.13239043593434396,-871.7639897604961,1757.5279795209922,1794.2375721302155,2.237395089833963,1.4896020407306656,-0.00047601830407573154,-980.8646793269567,1973.7293586539133,2005.1947237475333
46,0.0,2.0,-1.0,0.505,0.485,0.010000000000000009,1.465,1.493441702941824,3,2.8041734998832606,0.30770119733342055,0.1062045871461245,True,True,1.8505415877590325,1.2678741867767012,0.16475053711979493,-2323.688165487856,4651.376330975712,4661.864786006919,1.8576120237731126,1.2532504542852567,0.16155926710340984,-2251.43007240134,4508.86014480268,4524.59282734949,1.8355759569715717,1.2429698203516506,0.17150533536889967,-895.3587972702214,1798.7175945404429,1819.6945046028563,1.8355759569715717,1.2429698203516506,0.17150533536889967,-900.7669183259,1811.5338366518,1837.7549742298168,1.8429607000280506,1.2476572616235,0.16817220159215396,-1908.8438110983761,3827.6876221967523,3853.908759774769,1.8405333692771706,1.247702296841098,0.169267787186834,-1838.9970061847077,3685.9940123694155,3706.970922431829,1.8460365831918917,1.2439196396258232,0.16678388923134302,-885.5927915427566,1785.1855830855131,1821.8951756947365,2.208147609349466,1.484535544100025,0.003343606612578376,-1000.3764636571999,2012.7529273143998,2044.2182924080198
47,0.0,2.0,0.0,0.5,0.49357142857142855,0.00642857142857145,1.487142857142857,1.496187332608843,3,2.9431657708478087,0.3000800207140115,0.10851927632058941,True,True,1.886969846451567,1.270057408000544,0.15633054715125483,-2320.797770794107,4645.595541588214,4656.08399661942,1.9279332911220104,1.2577432664592232,0.1380156774055078,-2258.359645738871,4522.719291477742,4538.451974024552,1.7802857860121943,1.2259931697895297,0.20402928651787688,-871.9689592421423,1751.9379184842846,1772.9148285466981,1.7802857860121943,1.2259931697895297,0.20402928651787688,-875.4456084922213,1760.8912169844425,1787.1123545624594,1.7886966583473343,1.231554728464783,0.20026876216487144,-1915.3889447970296,3840.777889594059,3866.999027172076,1.7878255791705473,1.23160149502038,0.2006582240812077,-1843.7566121044995,3695.513224208999,3716.4901342714124,1.789505832667425,1.2272671158281174,0.19990697808168956,-865.034712936329,1744.069425872658,1780.7790184818814,2.3044849937671272,1.4982693137450322,-0.030341633410705615,-991.287412050466,1994.574824100932,2026.0401891945519
48,0.0,2.0,1.0,0.49142857142857144,0.5057142857142857,0.0028571428571428914,1.5214285714285714,1.4984760289961787,4,3.1971533445292795,0.2880895588691165,0.11224843874432149,True,True,1.969222923345567,1.3017419304740971,0.12349019669361117,-2369.8636116392845,4743.727223278569,4754.215678309775,1.9875250238654845,1.2911754397070843,0.11534385107848255,-2301.3251215226546,4608.650243045309,4624.382925592119,1.9403701350268308,1.292701978415059,0.13633269995430386,-884.3234181252201,1776.6468362504402,1797.6237463128537,1.9403712270332847,1.2926998147570616,0.1363322138974178,-886.2858236519868,1782.5716473039736,1808.7927848819904,1.9442343291226551,1.2972120543074233,0.13461273012929564,-1966.89583067461,3943.79166134922,3970.0127989272364,1.9427914721119555,1.2966887298060787,0.1352549521447184,-1893.093741187988,3794.187482375976,3815.1643924383893,1.9444735529612445,1.2923833892370649,0.13450625054426635,-880.6537976614406,1775.3075953228813,1812.0171879321047,2.2397463311211725,1.4959324303574761,0.003079035454269796,-987.0348797715974,1986.0697595431948,2017.5351246368148
49,0.0,2.0,2.0,0.48714285714285716,0.5064285714285715,0.00642857142857145,1.5278571428571428,1.4959830826039273,4,3.2873121526838376,0.2851413755306669,0.1131315024745017,True,True,2.0308311934053904,1.3279136351472387,0.0958500951937653,-2334.1334901917257,4672.2669803834515,4682.755435414658,2.0548358109773623,1.3240850035658691,0.08516295745278224,-2286.5719415932163,4579.1438831864325,4594.876565733242,2.025294556933822,1.3028574180997399,0.09831507079339707,-872.5760442613837,1753.1520885227674,1774.1289985851809,2.025285924277999,1.302853992500393,0.09831891415318283,-876.3045845062702,1762.6091690125404,1788.8303065905573,2.025745912234999,1.3037731515156004,0.09811412211094717,-1943.5481021269954,3897.096204253991,3923.3173418320075,2.0238989949243873,1.3033500869601073,0.098936391394577,-1868.721623671383,3745.443247342766,3766.4201574051795,2.0278629721221955,1.3033943231734102,0.09717158217868016,-868.0427645335611,1750.0855290671223,1786.7951216763456,2.214038189265351,1.4832814613812613,0.014284188384516616,-991.0781285270915,1994.156257054183,2025.621622147803
50,1.0,-2.0,-2.0,0.7007142857142857,0.09785714285714285,0.2014285714285714,0.5,0.9207325299501279,4,0.7189105858170606,0.6841573245078546,0.02644370401833801,True,True,0.9246565068954365,0.6652685130008468,0.0383493259232035,-1373.328552550493,2750.657105100986,2761.1455601321927,0.9254132447377533,0.6627855553802066,0.03756231209619143,-1290.5417586959675,2587.083517391935,2602.816199938745,0.9255690433583786,0.6598828000886408,0.03740028019847885,-1224.851261892513,2457.702523785026,2478.6794338474397,0.9255690479374633,0.6598830342310813,0.03740027543619162,-1333.838093692606,2677.676187385212,2703.8973249632286,0.9319593794932992,0.6634322210973331,0.030754275973237877,-1176.7728232635782,2363.5456465271564,2389.766784105173,0.9320530962016367,0.6636509308660861,0.030656809795178264,-1171.4119034121936,2350.8238068243872,2371.8007168868007,0.9127793353104203,0.6679226655008458,0.05070168593546931,-1020.803711936089,2055.607423872178,2092.3170164814014,0.9468436197163103,0.6781000723487444,0.015274538863467968,-1041.2711329324532,2094.5422658649063,2126.0076309585265
51,1.0,-2.0,-1.0,0.7014285714285714,0.09785714285714285,0.20071428571428573,0.5071428571428571,0.9292054956027257,4,0.7218869442562132,0.681046580976504,0.02698193970896413,True,True,0.8422964533494159,0.65728124788572,0.049967186634950145,-1396.2573869271928,2796.5147738543856,2807.0032288855923,0.8422807700244134,0.6571722527404882,0.04998487598092316,-1307.586288710164,2621.172577420328,2636.9052599671377,0.8418394733567983,0.6548477961211362,0.050482617973063526,-1248.4265388710667,2504.8530777421333,2525.829987804547,0.8418386684743088,0.6548398227571003,0.050483525806372054,-1357.3242719203163,2724.6485438406326,2750.869681418649,0.8479311539592544,0.6558924343778421,0.04361176337328543,-1202.0576479874571,2414.1152959749143,2440.336433552931,0.8475126535000932,0.6558329279923637,0.044083793342105104,-1196.5978425663936,2401.1956851327873,2422.1725951952008,0.8430759017418697,0.6647032454833366,0.04908804064518468,-1052.0286067466993,2118.0572134933986,2154.766806102622,0.8515954288851426,0.659454238911598,0.039478798782325075,-1067.2715770453585,2146.543154090717,2178.0085191843373
52,1.0,-2.0,0.0,0.6792857142857143,0.10928571428571429,0.21142857142857144,0.5842857142857143,1.003230765962811,5,0.8086236619031152,0.6442021373376857,0.03255114980552181,True,True,0.8454628759584123,0.6929538659255583,0.01658599242317149,-1542.4483586240226,3088.896717248045,3099.385172279252,0.8471516739283732,0.6915618856446478,0.014621639372489947,-1427.7571394017357,2861.5142788034714,2877.2469613502813,0.8465433806245681,0.693662173178869,0.015329185703248704,-1343.6505316114617,2695.3010632229234,2716.277973285337,0.8465353142576997,0.693526027764858,0.01533856823013946,-1458.6201717959684,2927.240343591937,2953.4614811699535,0.8614316222639375,0.693912868124374,-0.0019883166882632697,-1291.2456564553845,2592.491312910769,2618.7124504887856,0.8604629746239463,0.6933647652563902,-0.0008616183024898749,-1281.8990770180487,2571.7981540360975,2592.775064098511,0.8521993393868068,0.6959747202480376,0.008750364525846765,-1166.8379298609825,2347.675859721965,2384.3854523311884,0.8600670163015675,0.6977969991450571,-0.00040105288712211085,-1229.5716098805672,2471.1432197611343,2502.6085848547546
53,1.0,-2.0,1.0,0.6914285714285714,0.09642857142857143,0.2121428571428572,0.6857142857142857,1.2556418171275723,9,0.5277723926541095,0.6444120524810869,0.03949846790748399,True,True,1.7052772748354383,0.9211393915237265,0.020274656815536196,-1771.0835495259953,3546.1670990519906,3556.6555540831973,1.71719515786408,0.9192627025031285,0.013427528660735044,-1514.6755527051814,3035.351105410363,3051.0837879571727,1.6861030049567702,0.9177219511416723,0.03129076452681878,-1354.2955941450712,2716.5911882901423,2737.568098352556,1.6869683869764345,0.9163430890725988,0.030793580456689895,-1457.7426009400983,2925.4852018801967,2951.7063394582133,1.681432857898551,0.8965467964577347,0.03397388327639428,-1320.3129891992573,2650.6259783985147,2676.8471159765313,1.6831795649656143,0.8953827061654241,0.032970355459554956,-1312.654864592968,2633.309729185936,2654.2866392483493,1.6976708015715167,0.9118758927070686,0.02464476995718845,-1230.3620035478248,2474.7240070956495,2511.433599704873,1.9705747900760164,1.1408653438453626,-0.13214554076795837,-1477.6322720005414,2967.264544001083,2998.729909094703
54,1.0,-2.0,2.0,0.6835714285714286,0.10357142857142858,0.2128571428571428,1.1757142857142857,2.342199849019695,18,0.32070637570860144,0.6101894858399218,0.04848326190428794,True,True,5.940937670111268,1.6050330972986715,0.015676748324716216,-2854.488520772647,5712.977041545294,5723.4654965765,6.024733180163021,1.602125211608613,0.0017931034339618845,-1852.0228015743016,3710.0456031486033,3725.778285695413,5.864313973001396,1.669996795459913,0.028372132602861422,-1581.3117461538877,3170.6234923077755,3191.600402370189,5.863403932746637,1.6675953008708855,0.0285229124683406,-1691.1197479164543,3392.2394958329087,3418.4606334109253,5.864946260116814,1.5912017250352728,0.028267372219231812,-1689.6921566301678,3389.3843132603356,3415.605450838352,5.874267181540311,1.5840767176222486,0.02672303693183342,-1735.19900239022,3478.39800478044,3499.3749148428533,5.8703502418833216,1.6075488070478492,0.02737201441550252,-1503.123025555483,3020.246051110966,3056.9556437201895,15.282121529268304,2.9417158038668894,-1.5320157172940858,-1729.505486824234,3471.010973648468,3502.476338742088
55,1.0,-1.0,-2.0,0.6871428571428572,0.20285714285714285,0.10999999999999999,0.7207142857142858,1.1932018798295603,4,0.7388576594315128,0.6047081914546439,0.042697431107558186,True,True,1.347213945599937,0.9196321811382916,0.03849794531502304,-1780.8174338614913,3565.6348677229826,3576.1233227541893,1.3580321027963191,0.9226931747622324,0.030777062966529933,-1560.7011397679653,3127.4022795359306,3143.1349620827405,1.3375618921340509,0.908099078629394,0.045386583359254606,-1123.1158553616463,2254.2317107232925,2275.208620785706,1.3375618639650027,0.9080990305032153,0.04538660346340939,-1182.625891129017,2375.251782258034,2401.4729198360506,1.3347926259933798,0.897418830814521,0.047362999275168405,-1366.741879055135,2743.48375811027,2769.704895688287,1.3347634115656182,0.8981845977264868,0.047383849513848664,-1347.5743308718902,2703.1486617437804,2724.125571806194,1.3360143106246147,0.9011880006290772,0.04649108706928151,-999.7106162214301,2013.4212324428602,2050.1308250520838,1.379614705957813,0.9496850927965752,0.015373631794366904,-1041.4424822414614,2094.884964482923,2126.350329576543
56,1.0,-1.0,-1.0,0.6842857142857143,0.19642857142857142,0.1192857142857143,0.7171428571428572,1.1830312561930842,4,0.7536323748016804,0.6041644063836781,0.04248015123149566,True,True,1.5289182694749344,0.9814340308891686,0.009195766461675636,-1764.8178883521325,3533.635776704265,3544.1242317354718,1.5638827228471353,0.9864284906333065,-0.01346269024996194,-1555.3827664888006,3116.765532977601,3132.498215524411,1.5162267382189791,0.9685430601565874,0.0174204198977308,-1158.1146676921467,2324.2293353842933,2345.206245446707,1.516226121467608,0.9685426919458664,0.01742081957891828,-1222.8815251321198,2455.7630502642396,2481.9841878422562,1.5105368672926807,0.9563224037348952,0.021107698880929338,-1353.2386613911176,2716.477322782235,2742.698460360252,1.511315239026545,0.9566610170173415,0.02060328080667595,-1335.724851827723,2679.449703655446,2700.4266137178593,1.5025364585358427,0.9504370547447528,0.026292304902436503,-1023.2858692834811,2060.5717385669623,2097.2813311761856,1.5452375562996168,1.0115714910543854,-0.0013798272747862494,-1089.0396001017693,2190.0792002035387,2221.544565297159
57,1.0,-1.0,0.0,0.7064285714285714,0.18642857142857142,0.10714285714285718,0.6821428571428572,1.1731916022921223,5,0.6702606793785741,0.6246872133578224,0.03993927166911576,True,True,1.5165890479578514,0.9753908730025371,0.012573052960576092,-1745.9638936557672,3495.9277873115343,3506.416242342741,1.5267861306797728,0.9774204413150209,0.005933894993311761,-1507.4460686634582,3020.8921373269163,3036.624819873726,1.5035550366447545,0.9659518646755558,0.02105928989859074,-1117.0676221281028,2242.1352442562056,2263.112154318619,1.5035584593522533,0.9659536014514928,0.02105706142831354,-1173.9772184388921,2357.9544368777842,2384.175574455801,1.4938477062493178,0.9609817850713478,0.027379577935205512,-1321.2037514262615,2652.407502852523,2678.6286404305397,1.494699508255625,0.9604965638241834,0.026824983230923305,-1302.95376378528,2613.90752757056,2634.8844376329735,1.4876688859993372,0.964884855367128,0.0314025092783794,-1007.4822216295797,2028.9644432591595,2065.674035868383,1.5542471608308446,0.99941744462905,-0.011945543870593323,-1058.819273879963,2129.638547759926,2161.1039128535463
58,1.0,-1.0,1.0,0.6928571428571428,0.19214285714285714,0.11500000000000002,0.7507142857142857,1.24830099995977,7,0.6978863840203039,0.600697180199668,0.04454503926093554,True,True,1.3311925903194821,0.9407462222061851,0.057644309017482076,-1825.5468224081885,3655.093644816377,3665.582099847584,1.3639635441727536,0.9436230553995131,0.03444564108082826,-1576.108815653045,3158.21763130609,3173.9503138529,1.3064479347834237,0.9261165673419994,0.0751611335065746,-1144.955140212544,2297.910280425088,2318.8871904875014,1.3064535003279938,0.9259239085765512,0.07515719363894213,-1200.8337257665214,2411.667451533043,2437.8885891110594,1.3007600687978924,0.9181219129803894,0.07918759287841104,-1354.3950959032768,2718.7901918065536,2745.01132938457,1.3009933342810385,0.9187157163139805,0.07902246346201336,-1332.4657475010588,2672.9314950021176,2693.908405064531,1.3023915546319975,0.9158944476147478,0.07803265859489228,-1071.2944943499972,2156.5889886999944,2193.2985813092178,1.3815516109525035,0.9687296986325559,0.02199498972969638,-1231.6606195780623,2475.3212391561246,2506.786604249745
59,1.0,-1.0,2.0,0.6885714285714286,0.17857142857142858,0.1328571428571428,0.9071428571428571,1.5557149988225747,10,0.5438535039062443,0.5864326270327005,0.05101232015820758,True,True,2.5296920339500324,1.2300410993394941,0.04109622717665784,-2109.5165151152723,4223.033030230545,4233.521485261751,2.6601610618054337,1.2423036083057135,-0.00835929601277452,-1693.1200449158582,3392.2400898317164,3407.9727723785263,2.4257464585019335,1.2235227595187457,0.0804977840174873,-1278.0265059319554,2564.053011863911,2585.0299219263243,2.4262039501033126,1.2217297266637543,0.08032436748428484,-1348.4852857870196,2706.9705715740392,2733.191709152056,2.43695077952639,1.2042819033518677,0.07625067980160405,-1469.853679218781,2949.707358437562,2975.9284960155787,2.441324377496659,1.2043593085624462,0.07459282598453087,-1454.804234381309,2917.608468762618,2938.5853788250315,2.4309636015521807,1.2014921835243655,0.07852017643241305,-1215.9166140975447,2445.8332281950893,2482.5428208043127,3.4618634172395106,1.6180096245316906,-0.3122521821783324,-1460.931944521326,2933.863889042652,2965.329254136272
60,1.0,0.0,-2.0,0.7035714285714286,0.2621428571428571,0.03428571428571425,0.8207142857142857,1.3119561498152628,3,0.7479855394794012,0.5746626348423365,0.049279197227281774,True,True,1.6037520401544423,1.0609329915557522,0.07293848588077656,-1907.390732997013,3818.781465994026,3829.2699210252326,1.6325528398920774,1.056211396496173,0.056289956467186264,-1625.691172310418,3257.382344620836,3273.115027167646,1.564654637355232,1.0454599306073769,0.09553904789388845,-882.3235915868174,1772.6471831736349,1793.6240932360483,1.564654637355232,1.0454599306073769,0.09553904789388845,-900.8657209205722,1811.7314418411445,1837.9525794191613,1.5620233887601827,1.0458528260413251,0.09706006189447891,-1378.715483347821,2767.430966695642,2793.6521042736586,1.563087100158547,1.0461810516479972,0.09644517513214712,-1345.4279995718925,2698.855999143785,2719.8329092061986,1.5585579419027709,1.0374322665863556,0.09906329077917753,-849.5798629381171,1713.1597258762342,1749.8693184854576,1.7208326254303783,1.1453487427682887,0.005259130255812483,-915.0643917392515,1842.128783478503,1873.594148572123
61,1.0,0.0,-1.0,0.69,0.2714285714285714,0.038571428571428645,0.855,1.3259290780214514,4,0.8094726812936315,0.5579236422112556,0.05186458234002104,True,True,1.6134370401529226,1.0902715638350866,0.10892105613213743,-1942.2142305945683,3888.4284611891367,3898.9169162203434,1.6250654138427136,1.084812500265739,0.10249886630475014,-1673.990459496862,3353.980918993724,3369.713601540534,1.5854897032125932,1.0772138345434747,0.12435598347355248,-928.8791156525667,1865.7582313051334,1886.735141367547,1.5854896838664945,1.0772138345216127,0.12435599415813492,-949.7851784520142,1909.5703569040284,1935.7914944820452,1.5822199122821357,1.0756680654382302,0.1261618437435662,-1422.2934734880487,2854.5869469760974,2880.808084554114,1.5826086263527095,1.0760545238008312,0.12594716234301973,-1387.9922010762878,2783.9844021525755,2804.961312214989,1.5860904330932037,1.0722238504448232,0.1240242086758736,-892.5198320848441,1799.0396641696882,1835.7492567789116,1.7715505761857222,1.1779389121756754,0.021597138809669958,-951.3725474930291,1914.7450949860581,1946.2104600796781
62,1.0,0.0,0.0,0.7178571428571429,0.24928571428571428,0.03285714285714286,0.7857142857142857,1.294325407299733,4,0.6939882421429798,0.5912908898848849,0.046728177042508666,True,True,1.4936681062359867,1.007435990256155,0.08694412480225777,-1811.331146586656,3626.662293173312,3637.1507482045185,1.5562511188156734,1.0128442819239512,0.04868811124416339,-1556.3906893543476,3118.7813787086952,3134.514061255505,1.4628858143896952,0.9952879850625637,0.10576085678238578,-853.1208385442469,1714.2416770884938,1735.2185871509073,1.4628850758795606,0.9952859577538856,0.10576130822204266,-871.3520987485431,1752.7041974970862,1778.925335075103,1.453964680311216,0.9926495829886793,0.11121420605708421,-1303.1202056627455,2616.240411325491,2642.4615489035077,1.4553334176333552,0.993315558739705,0.11037751840983245,-1270.6473572984053,2549.2947145968105,2570.271624659224,1.4498344683017133,0.9872413808441906,0.11373893984857675,-825.6021415436675,1665.204283087335,1701.9138756965583,1.5890952152614342,1.0840115464373294,0.02861103046553337,-911.5150548806935,1835.030109761387,1866.495474855007
63,1.0,0.0,1.0,0.6957142857142857,0.26071428571428573,0.04357142857142854,0.8357142857142857,1.3125594130572011,4,0.7873069545291228,0.5657750737894223,0.05049187040600516,True,True,1.682509511494167,1.1122984959600626,0.06072687553049905,-1924.1696716257086,3852.339343251417,3862.827798282624,1.7321872202633253,1.1136328528442476,0.032993934698173244,-1651.2953103311083,3308.5906206622167,3324.3233032090266,1.6079049106975156,1.0852072950673248,0.10237543443097186,-945.2390766790545,1898.478153358109,1919.4550634205225,1.6079149442909328,1.0852125212919215,0.1023698331047539,-969.6397540119971,1949.2795080239941,1975.500645602011,1.610128925106634,1.086780673448109,0.10113386227423404,-1402.455895165534,2814.911790331068,2841.1329279090846,1.6120716314813155,1.0876262202131062,0.10004933236577995,-1368.9205402962816,2745.8410805925632,2766.8179906549767,1.5940750982436367,1.0761836094595647,0.11009602742948998,-900.9797111311485,1815.959422262297,1852.6690148715204,2.0152261098107145,1.1921319600090108,-0.12501457599099575,-973.1269654061331,1958.2539308122662,1989.7192959058862
64,1.0,0.0,2.0,0.6907142857142857,0.27,0.03928571428571426,0.8771428571428571,1.3471354119142178,6,0.8205569397005452,0.5506902184833692,0.05333745336107355,True,True,1.6673123923700286,1.0629620011265286,0.09373703601723293,-1914.1980796523708,3832.3961593047416,3842.8846143359483,1.7346696091418587,1.0603743902273448,0.05712521018506389,-1671.9800765671612,3349.9601531343224,3365.6928356811322,1.6122528423337463,1.0423591419569267,0.12366449966458792,-918.2602371795314,1844.5204743590627,1865.4973844214762,1.6122107476053975,1.0422228215484683,0.12368738013585179,-940.9489856846249,1891.8979713692497,1918.1191089472666,1.6102303422332205,1.0434314761296741,0.12476382390889029,-1397.1753440732514,2804.3506881465028,2830.5718257245194,1.6108417103095751,1.0436121900166073,0.12443151650957085,-1359.2690034254417,2726.5380068508834,2747.514916913297,1.6111427164878156,1.041429321991391,0.12426790544753008,-897.5885872907595,1809.177174581519,1845.8867671907424,1.7922143615102362,1.1802559425748427,0.02584692179611392,-1029.487314633912,2070.974629267824,2102.4399943614444
65,1.0,1.0,-2.0,0.6907142857142857,0.30214285714285716,0.0071428571428571175,0.9135714285714286,1.3759244453240422,3,0.8519963339321216,0.5375125417084761,0.05585197286306443,True,True,1.6173809387111802,1.0791398819736735,0.17670868791664263,-1951.958863456326,3907.917726912652,3918.406181943859,1.6302731003188262,1.0638242105461941,0.17014622363163168,-1704.8940087008937,3415.7880174017873,3431.520699948597,1.5943827436317501,1.067679781542411,0.1884154007567116,-788.9425276858572,1585.8850553717143,1606.8619654341278,1.5943827436317501,1.067679781542411,0.1884154007567116,-792.805471297056,1595.610942594112,1621.8320801721288,1.5923489643230186,1.067839876306845,0.18945065027369168,-1418.2791472032086,2846.558294406417,2872.779431984434,1.5921490952855606,1.0678244594999347,0.189552389102285,-1375.1059203452805,2758.211840690561,2779.1887507529746,1.591505418008939,1.064896345732577,0.18988003851186097,-780.1827663974597,1574.3655327949193,1611.0751254041427,1.9617787383550345,1.2825976682513611,0.001400750521664773,-877.679265349997,1767.358530699994,1798.823895793614
66,1.0,1.0,-1.0,0.6835714285714286,0.30857142857142855,0.00785714285714284,0.9335714285714286,1.383767361477828,3,0.8882179755959376,0.5283174887969104,0.05739757307272401,True,True,1.6229374745652223,1.1106069533711709,0.12003980540443004,-2018.1806843423071,4040.3613686846143,4050.849823715821,1.6336566540815594,1.103549282668557,0.11422784318103774,-1748.149940196133,3502.299880392266,3518.032562939076,1.5945465138724624,1.099816639056512,0.13543344544755553,-823.7164698372984,1655.4329396745968,1676.4098497370103,1.5945465138724624,1.099816639056512,0.13543344544755553,-827.9657078096172,1665.9314156192345,1692.1525531972513,1.596625780728624,1.1007938235380668,0.13430606247930277,-1466.9429465454882,2943.8858930909764,2970.107030668993,1.5967120263248689,1.100897638129818,0.13425929993124164,-1422.921190653994,2853.842381307988,2874.8192913704015,1.5914232870934757,1.096299261312374,0.13712686573470467,-815.1773118309484,1644.3546236618968,1681.0642162711201,1.8407840351903553,1.2456789637024064,0.0019229309813890705,-889.8439349549891,1791.6878699099782,1823.1532350035982
67,1.0,1.0,0.0,0.6871428571428572,0.305,0.00785714285714284,0.9228571428571428,1.3793298378535046,3,0.869317973560646,0.5331614516815976,0.05657311805116473,True,True,1.7635431224106628,1.1240715657111253,0.08004920301014962,-1922.7941465957836,3849.588293191567,3860.076748222774,1.8450678322131124,1.1249129019530437,0.03752190622672258,-1703.0785273051924,3412.157054610385,3427.8897371571948,1.6986783025984735,1.1073739741254351,0.11388588209359485,-768.6989872077066,1545.3979744154133,1566.3748844778268,1.6986783025984735,1.1073739741254351,0.11388588209359485,-772.9482251800255,1555.896450360051,1582.1175879380678,1.6922240893517293,1.1067665264147222,0.11725271704354978,-1406.7637457363508,2823.5274914727015,2849.748629050718,1.6935419370738394,1.106933448413627,0.1165652628799061,-1363.1290310080858,2734.2580620161716,2755.234972078585,1.6901471877993148,1.1046295849697727,0.11833613100385121,-763.7322473396364,1541.4644946792728,1578.1740872884961,1.896803361835783,1.269352761095541,0.010534110405768016,-885.584202482725,1783.16840496545,1814.63377005907
68,1.0,1.0,1.0,0.7042857142857143,0.2885714285714286,0.0071428571428571175,0.875,1.3588260185460193,4,0.7881599521707139,0.5551166276510509,0.052941165849078625,True,True,1.7321995410927324,1.1030722342522195,0.10791069434900136,-1913.3367495329726,3830.673499065945,3841.161954097152,1.7687185047093763,1.09689045561029,0.0891032901654657,-1656.0042234612333,3318.0084469224666,3333.7411294692765,1.7046109801072074,1.0931597408819698,0.12211890745010945,-780.8550133739133,1569.7100267478265,1590.68693681024,1.7046241211751119,1.0931645334186426,0.12211213975050894,-784.9756243125917,1579.9512486251833,1606.1723862032002,1.699930865710139,1.0919509759475408,0.12452918403996138,-1377.611153111223,2765.222306222446,2791.443443800463,1.7000542875046027,1.0919719833924129,0.12446562134968608,-1335.9419326079928,2679.8838652159857,2700.860775278399,1.7038561184953542,1.0934116953961386,0.12250766403109536,-776.892056829015,1567.78411365803,1604.4937062672534,2.0644245346143344,1.272347134593715,-0.06318643202688379,-869.7532223760013,1751.5064447520026,1782.9718098456226
69,1.0,1.0,2.0,0.6878571428571428,0.30428571428571427,0.007857142857142896,0.9285714285714286,1.3884176106835742,6,0.8629939481541508,0.5323984984377423,0.0568686820329239,True,True,1.6268674006819217,1.094591834940843,0.112811349878978,-1997.841844340721,3999.683688681442,4010.172143712649,1.6526108064389178,1.0896050344882884,0.09877255520309125,-1732.06554688185,3470.1310937637,3485.86377631051,1.590161075453904,1.0870428315380036,0.1328286144183609,-819.6493727897187,1647.2987455794373,1668.2756556418508,1.5899891847100494,1.0867759142826963,0.13292235255396112,-823.918459240721,1657.836918481442,1684.0580560594587,1.5796421888336396,1.0815783139529995,0.13856493737713227,-1449.2775831108547,2908.5551662217094,2934.776303799726,1.5803200450592918,1.0816820379243517,0.13819527827058165,-1405.1257250209223,2818.2514500418447,2839.228360104258,1.5935732928256061,1.08568925653682,0.130967810936374,-813.6894467635991,1641.3788935271982,1678.0884861364216,1.9042134828823039,1.249782074514225,-0.03843533204517424,-913.2943146248151,1838.5886292496302,1870.0539943432502
70,1.0,2.0,0.0,0.6892857142857143,0.30857142857142855,0.0021428571428571686,0.9278571428571428,1.3855461299498968,3,0.8679659491961326,0.5320228950190607,0.05686923635588163,True,True,1.6146593770317317,1.0904430239733454,0.1612594789716213,-1952.3353240369247,3908.6706480738494,3919.159103105056,1.6892384578471311,1.0756291387458028,0.12251911181386355,-1710.1915528449272,3426.3831056898543,3442.1157882366642,1.573467656936642,1.080376150450284,0.18265666358285704,-760.7576159423872,1529.5152318847745,1550.492141947188,1.573467656936642,1.080376150450284,0.18265666358285704,-761.9164990257469,1533.8329980514939,1560.0541356295107,1.5700059700439544,1.0802787379093064,0.1844548490759158,-1421.5795517361983,2853.1591034723965,2879.380241050413,1.5703676196933123,1.0800742106788979,0.1842669888871683,-1376.5494650690403,2761.0989301380805,2782.075840200494,1.5689718565563757,1.0802416378899944,0.18499202298250705,-760.3059221891433,1534.6118443782866,1571.32143698751,1.9177305718184334,1.2778714858501192,0.0038280755189685767,-869.0836029188263,1750.1672058376525,1781.6325709312725
71,2.0,-2.0,-2.0,0.8564285714285714,0.085,0.058571428571428566,0.315,0.8539045417402198,4,0.2395853900586814,0.817841579075299,0.01661302543563021,True,True,0.806247840622587,0.5499205658875146,0.028535779017215934,-1130.5253523924985,2265.050704784997,2275.5391598162037,0.8045357694265987,0.5488088614114571,0.030598687997404284,-884.128237910222,1774.256475820444,1789.989158367254,0.8095214448456917,0.5504877833188179,0.024591347520880213,-707.9313019548104,1423.8626039096207,1444.8395139720342,0.8095214539539626,0.5504877972385673,0.02459133654614165,-739.6195875556803,1489.2391751113605,1515.4603126893774,0.8117859159025496,0.5538643513188833,0.021862840850413012,-788.9478096229149,1587.8956192458297,1614.1167568238466,0.8115789115019405,0.5536159190848478,0.02211226461150173,-781.5349721601951,1571.0699443203903,1592.0468543828038,0.8007765987085517,0.5497474881590416,0.0351281883187059,-626.2587595274188,1266.5175190548375,1303.2271116640609,0.8147006116204225,0.5557258656680184,0.01835086542263542,-649.3688861849646,1310.7377723699292,1342.2031374635492
72,2.0,-2.0,-1.0,0.8514285714285714,0.07857142857142857,0.07,0.31142857142857144,0.835342076740471,4,0.2510244167651467,0.8166735862654815,0.016333373490542407,True,True,0.7119644839993403,0.5078960083481051,0.03787138605773899,-1103.1337837692902,2210.2675675385804,2220.756022569787,0.7103068205361298,0.503323024556921,0.040111505454260565,-887.1537248219404,1780.3074496438808,1796.0401321906909,0.7144403526362894,0.5078101138551818,0.03452556739191193,-725.4668236133818,1458.9336472267637,1479.9105572891772,0.7144372875636275,0.507795195111631,0.03452970944418865,-763.6382886355409,1537.2765772710818,1563.4977148490987,0.7138437697438973,0.5114889646295299,0.03533177259492226,-782.0666450453771,1574.1332900907541,1600.354427668771,0.7136890667609677,0.5107663573076926,0.035540833819019624,-775.1204088819464,1558.240817763893,1579.2177278263064,0.708485237039456,0.5137741915311752,0.0425731417355959,-645.5380952920323,1305.0761905840645,1341.785783193288,0.7185931410086114,0.5144823658675372,0.028913606949428128,-674.4278441235991,1360.8556882471983,1392.3210533408183
73,2.0,-2.0,0.0,0.8357142857142857,0.07785714285714286,0.0864285714285714,0.335,0.8513056028534095,5,0.2879622445985106,0.8007488323122723,0.017610911767383598,True,True,0.5909606332334378,0.479879364227365,0.01648169550305989,-1120.604661136393,2245.209322272786,2255.6977773039926,0.6022274936873528,0.48254505855505536,-0.0022694071380884306,-934.7414687424041,1875.4829374848082,1891.2156200316183,0.5896612215500231,0.4791185974886697,0.018644267938254022,-777.4307700722866,1562.8615401445732,1583.8384502069866,0.5896638795280067,0.47911247874862406,0.018639844344104484,-824.1961124066861,1658.3922248133722,1684.613362391389,0.5922482534028404,0.48250479870243757,0.014338747335907231,-814.1824812850979,1638.3649625701958,1664.5861001482126,0.5918779436489721,0.4816536846354822,0.014955042907526805,-807.254150278204,1622.508300556408,1643.4852106188214,0.5898786101814193,0.48460934959235363,0.018282474468191867,-693.0239921746777,1400.0479843493554,1436.7575769585787,0.6021737369007809,0.4900005882836194,-0.002179941308029454,-735.9595102901201,1483.9190205802402,1515.3843856738602
74,2.0,-2.0,1.0,0.8542857142857143,0.085,0.06071428571428568,0.33214285714285713,0.8796620197949571,5,0.2497809969150891,0.8095687765694946,0.017620260578656826,True,True,0.6382006347210294,0.5099407078587352,0.04365141172095044,-1186.5849687507866,2377.1699375015733,2387.65839253278,0.6367721892664293,0.5082510017652544,0.04579194828518862,-914.7509492929955,1835.501898585991,1851.2345811328012,0.6400985820562262,0.5056338305595331,0.04080732295654976,-717.3740644118711,1442.7481288237423,1463.7250388861557,0.640099665473852,0.5056187060240104,0.04080569944685608,-749.6426239248929,1509.2852478497857,1535.5063854278026,0.6376907092435539,0.5104962759472901,0.0444155389937545,-812.3009875272982,1634.6019750545963,1660.8231126326132,0.6373437021563455,0.5098782195520054,0.04493553179839904,-802.7631696995958,1613.5263393991916,1634.503249461605,0.6388651060511922,0.5113020887104219,0.04265569629232069,-661.3465514046336,1336.6931028092672,1373.4026954184906,0.6469014494110749,0.5066642468477286,0.030613173598012855,-703.5025468513847,1419.0050937027695,1450.4704587963895
75,2.0,-2.0,2.0,0.8478571428571429,0.08285714285714285,0.06928571428571428,0.42928571428571427,1.1833365573430283,10,0.18979019838348626,0.7990029867756585,0.021955908676787872,True,True,1.0416799129635075,0.6293968531918395,0.0345652930202206,-1394.2794102947591,2792.5588205895183,2803.047275620725,1.1285663789050704,0.647868354599475,-0.04596156435975862,-983.2470953379375,1972.494190675875,1988.226873222685,1.0187955261617743,0.6433059509995417,0.055774669328043536,-790.969328388733,1589.938656777466,1610.9155668398794,1.0184913694689774,0.6447604156555848,0.05605656343383536,-814.6324010769017,1639.2648021538034,1665.4859397318203,1.0194736821470953,0.6244197524131804,0.05514615060859118,-869.8017974553213,1749.6035949106426,1775.8247324886595,1.0208922344821496,0.6240578715944484,0.05383142845557154,-867.2523789932079,1742.5047579864158,1763.4816680488293,1.0169701950347174,0.6230502552769234,0.05746639631620987,-748.0511676330648,1510.1023352661296,1546.811927875353,1.2358055723030708,0.8587699731750305,-0.14535144215859575,-904.2714741546354,1820.5429483092707,1852.0083134028907
76,2.0,-1.0,-2.0,0.8442857142857143,0.125,0.030714285714285694,0.4057142857142857,0.9959009217646163,3,0.28084432192312014,0.7779879544926359,0.021953679120759996,True,True,0.8259628256674004,0.6083564688669902,0.010111666266298669,-1288.7262224730814,2581.452444946163,2591.9408999773696,0.8787864879422956,0.6237982598212888,-0.05319569504110233,-988.0247005025169,1982.0494010050338,1997.782083551844,0.80770083176057,0.602000765249812,0.03199804439049614,-626.5825072667756,1261.1650145335511,1282.1419245959646,0.80770083176057,0.602000765249812,0.03199804439049614,-643.1931647949309,1296.3863295898618,1322.6074671678787,0.8024175437346347,0.6019166153118435,0.03832988526529868,-843.0672816205804,1696.1345632411608,1722.3557008191776,0.8037080067923802,0.6018127317231048,0.03678330921335071,-828.7137953516999,1665.4275907033998,1686.4045007658133,0.7917756418809618,0.6033987380942717,0.05108384242454245,-587.1726092780069,1188.3452185560138,1225.0548111652372,0.8406796856856795,0.6289016711057271,-0.007525989556183443,-635.8399207114664,1283.679841422933,1315.145206516553
77,2.0,-1.0,-1.0,0.8564285714285714,0.11642857142857142,0.02714285714285715,0.37642857142857145,0.9664205353143631,3,0.25414938685131033,0.7937797504065035,0.020220932365221312,True,True,0.8160765283816963,0.5698285077751695,0.006800056060329407,-1236.035895872329,2476.071791744658,2486.560246775865,0.865497406453755,0.5845638193782755,-0.053347260549737374,-933.556610871341,1873.113221742682,1888.8459042894922,0.7933356972199834,0.5610867692746049,0.0344766175707355,-602.6532035372524,1213.3064070745047,1234.2833171369182,0.7933356972199834,0.5610867692746049,0.0344766175707355,-617.3323892598081,1244.6647785196162,1270.885916097633,0.7923849051306158,0.5599032387623554,0.03563377209854779,-802.9264048044789,1615.8528096089578,1642.0739471869747,0.7931494857181209,0.5600840230414406,0.034703244911160946,-789.3415018225387,1586.6830036450774,1607.659913707491,0.8063680937007001,0.5678695879419902,0.018615635170328493,-569.8920106958656,1153.7840213917311,1190.4936140009545,0.8399394960854738,0.6067426176938682,-0.02224219348534162,-603.4875916423277,1218.9751832846555,1250.4405483782755
78,2.0,-1.0,0.0,0.85,0.12142857142857143,0.028571428571428595,0.39571428571428574,0.9869680815899784,4,0.27073312714237546,0.7835786084060445,0.021357022061152402,True,True,1.077246612532385,0.6712226324631161,0.051821545726548957,-1298.8018195370887,2601.6036390741774,2612.092094105384,1.0823114695728493,0.67050216646315,0.04736352444908687,-975.3426320664917,1956.6852641329833,1972.4179466797934,1.0723182325761116,0.6686400431486513,0.05615944164995912,-653.592389415195,1315.18477883039,1336.1616888928036,1.0723198751555145,0.6686394453195293,0.05615799587293724,-669.1908489597863,1348.3816979195726,1374.6028354975895,1.069676514403596,0.6696278953386233,0.05848464761886307,-847.4728036333852,1704.9456072667704,1731.1667448447872,1.069955177509311,0.6691539318233543,0.05823937197838658,-833.45756704518,1674.91513409036,1695.8920441527735,1.0672240326397622,0.6702273918419712,0.060643290162652796,-617.3863289783384,1248.7726579566768,1285.4822505659001,1.1231815545546908,0.7152947210702706,0.011390207333696889,-653.1020776721159,1318.2041553442318,1349.6695204378518
79,2.0,-1.0,1.0,0.8435714285714285,0.12428571428571429,0.03214285714285718,0.4135714285714286,1.003048299915636,4,0.28866055410754066,0.7736599819143408,0.022424151129295303,True,True,1.0032730449356855,0.6695185206421208,0.01933669243321523,-1330.4365093058193,2664.8730186116386,2675.3614736428453,1.0241260786824258,0.6764387186356168,-0.0010463978432617704,-1007.2439701990234,2020.4879403980467,2036.2206229448568,1.0036396381794503,0.6696166547699793,0.01897836072603265,-651.5549103592356,1311.1098207184712,1332.0867307808846,1.0036385202793185,0.6696173800096189,0.018979453433193738,-669.8614160204803,1349.7228320409606,1375.9439696189775,0.9969383154718988,0.6707877013434336,0.025528662585165285,-863.8961301907068,1737.7922603814136,1764.0133979594304,0.9975669655081261,0.6700666826696903,0.02491417979113375,-848.0573160436516,1704.114632087303,1725.0915421497166,0.9924919486004077,0.6728515314062101,0.02987482623908011,-624.3426238448151,1262.6852476896302,1299.3948402988535,1.0160132845429917,0.6857750860680745,0.0068835665612896335,-675.225481594232,1362.450963188464,1393.916328282084
80,2.0,-1.0,2.0,0.8507142857142858,0.11428571428571428,0.03499999999999996,0.42428571428571427,1.064057767177199,9,0.2542872164638724,0.7791202261015119,0.02282283736240944,True,True,0.8452725056351227,0.591587164989038,0.026180632846866114,-1331.026648850037,2666.053297700074,2676.5417527312807,0.8910167974943086,0.5949097059256215,-0.026520332879812925,-989.2513004942723,1984.5026009885446,2000.2352835353547,0.8007322620154247,0.5919478097195876,0.07749444178471887,-678.5788698357685,1365.157739671537,1386.1346497339505,0.8007195560799891,0.591877716055023,0.07750908000602896,-695.6062385486491,1401.2124770972982,1427.433614675315,0.8065673950077329,0.5841615243243732,0.07077191682390238,-846.9598170303236,1703.9196340606472,1730.140771638664,0.8070371091269862,0.5842105215426653,0.07023076979344212,-832.0585340072191,1672.1170680144382,1693.0939780768517,0.8057151984227053,0.5846443043885564,0.07175371326657509,-653.6984988306932,1321.3969976613864,1358.1065902706098,0.8924939254512755,0.6292655929747708,-0.02822209864489822,-754.2247890054779,1520.4495780109557,1551.9149431045757
81,2.0,0.0,-2.0,0.8371428571428572,0.15571428571428572,0.00714285714285709,0.4742857142857143,1.0883338367347413,3,0.3167442200580562,0.7483403639251356,0.025976312692981333,True,True,0.9730226416372815,0.6723293276024287,0.06583598642730504,-1421.6577771037753,2847.3155542075506,2857.8040092387573,0.9789357045817324,0.6696605591885724,0.060159067539372946,-1074.427358104127,2154.854716208254,2170.587398755064,0.9644070803589663,0.6703704422775932,0.07410747668717155,-591.3440842021255,1190.688168404251,1211.6650784666645,0.9644070803589663,0.6703704422775932,0.07410747668717155,-595.2070278133244,1200.4140556266489,1226.6351932046657,0.9661383024171611,0.6709395949237003,0.07244539270570582,-909.1350803012702,1828.2701606025405,1854.4912981805574,0.9662736439873321,0.670892461779798,0.07231545613590373,-887.6439557517253,1783.2879115034507,1804.2648215658642,0.9637422113562855,0.6682495697819316,0.0747457934841983,-579.1846720431747,1172.3693440863494,1209.0789366955728,1.042713642847069,0.7447263428627102,-0.0010718352555365573,-634.9653693570176,1281.9307387140352,1313.3961038076552
82,2.0,0.0,-1.0,0.8385714285714285,0.15785714285714286,0.0035714285714286143,0.47714285714285715,1.094292350326572,3,0.31605568622145946,0.7476500454290814,0.026129646925521034,True,True,1.0556585642721703,0.7168616605214777,0.06398495838099649,-1412.4479954470007,2828.8959908940014,2839.384445925208,1.1307603285961325,0.7263697450152576,-0.002605114809780096,-1067.6083690851137,2141.2167381702275,2156.9494207170374,1.0244521214040383,0.7113935711243836,0.09165460547009541,-572.0778864337843,1152.1557728675687,1173.1326829299821,1.0244521214040383,0.7113935711243836,0.09165460547009541,-574.0093582393838,1158.0187164787676,1184.2398540567845,1.0255501645727083,0.7125329098134048,0.0906810095016577,-900.697328879178,1811.394657758356,1837.615795336373,1.0258997082202292,0.7126171895248468,0.09037108153549978,-878.2293463257453,1764.4586926514905,1785.435602713904,1.0243798302395464,0.7116722048249006,0.09171870348400879,-566.9306358207673,1147.8612716415346,1184.570864250758,1.205228736175328,0.7847052389353789,-0.0686336130180043,-626.2103023550919,1264.4206047101839,1295.8859698038038
83,2.0,0.0,0.0,0.8407142857142857,0.14785714285714285,0.011428571428571399,0.45571428571428574,1.066500186981136,4,0.30463981585126515,0.7568122636050882,0.02487410790343759,True,True,1.2218733739481782,0.7540957250322226,0.044812361439044435,-1371.852628700612,2747.705257401224,2758.193712432431,1.2408911939400211,0.7567852304282178,0.02994536543446813,-1045.4648480326568,2096.9296960653137,2112.6623786121236,1.1975205945971528,0.7449390345225481,0.06384991008906404,-585.7367486493437,1179.4734972986873,1200.4504073611008,1.1975214343003842,0.7449439513269764,0.06384925365922123,-591.9529298501416,1193.9058597002831,1220.1269972783,1.1987688329543926,0.7468056619255695,0.0628741118809727,-881.0947231631462,1772.1894463262925,1798.4105839043093,1.1992390630849488,0.7468945196532154,0.06250651404508989,-861.0123762402403,1730.0247524804806,1751.001662542894,1.1946678594411233,0.7456234958162942,0.06608000808057901,-577.1440279426764,1168.2880558853528,1204.9976484945762,1.2812288625054051,0.8109049508481576,-0.001588215052291675,-629.861908579295,1271.72381715859,1303.18918225221
84,2.0,0.0,1.0,0.8407142857142857,0.15357142857142858,0.005714285714285672,0.46714285714285714,1.0828735536794913,4,0.30932817116662376,0.7522457476937938,0.025534978741430816,True,True,1.0170572772097586,0.7034369841503403,0.0744675940457199,-1411.501453365725,2827.00290673145,2837.4913617626567,1.0475625079427682,0.7068379113740128,0.04670752563347669,-1057.3454273815728,2120.6908547631456,2136.4235373099555,1.004066114981401,0.7011241293361598,0.08628968303006956,-583.0660599411403,1174.1321198822807,1195.1090299446942,1.0040668576358849,0.7011240353004108,0.08628900720698018,-586.2031996076146,1182.4063992152292,1208.627536793246,1.0034701310072576,0.7014977481385405,0.08683203447266719,-897.3981374358557,1804.7962748717114,1831.0174124497282,1.0039584803409625,0.7015503714887975,0.08638763164118668,-875.8108652786284,1759.6217305572568,1780.5986406196703,0.9957902988553241,0.6983002787818694,0.09382075938342571,-576.5055227449336,1167.0110454898672,1203.7206380990906,1.094566156027243,0.7593236791383666,0.003933730612215358,-628.4882112306082,1268.9764224612163,1300.4417875548363
85,2.0,0.0,2.0,0.8278571428571428,0.16642857142857143,0.005714285714285727,0.5078571428571429,1.1241432513818177,4,0.341234346065178,0.7326637849120602,0.02799735456572334,True,True,1.12791947476884,0.7377106564295233,0.062564761672529,-1458.9772598128031,2921.9545196256063,2932.442974656813,1.184568446960093,0.7424960585966185,0.015482727950221764,-1118.8614235967184,2243.722847193437,2259.4555297402467,1.0900452945816652,0.7308488247235922,0.09404271016481658,-604.2434852997752,1216.4869705995504,1237.463880661964,1.0902098772499267,0.7296596676427576,0.09390592239202122,-606.9529894835009,1223.9059789670018,1250.1271165450187,1.0938592969317176,0.7268196802850649,0.09087282057430701,-943.057674181905,1896.11534836381,1922.3364859418268,1.0946231500778505,0.7271496678832136,0.09023796775714188,-919.5235200307819,1847.0470400615638,1868.0239501239773,1.0937264587722437,0.7258402022820882,0.09098322488460664,-601.5686781232561,1217.1373562465121,1253.8469488557355,1.2712993289711128,0.8321869615899798,-0.056600950776058756,-668.1276495391262,1348.2552990782524,1379.7206641718724
86,2.0,1.0,-2.0,0.8607142857142858,0.13642857142857143,0.002857142857142808,0.41214285714285714,1.0303450123530231,3,0.2615398110538507,0.7807800297269547,0.022232979048260038,True,True,0.9927188592402539,0.644598286574697,0.0930945498028457,-1301.075235478589,2606.150470957178,2616.638925988385,1.0128619797280707,0.6418129428349622,0.07469265727875307,-956.9627272756829,1919.9254545513659,1935.658137098176,0.9647196403812139,0.6391886193987636,0.11867343746894665,-510.94019997282714,1029.8803999456543,1050.8573100080678,0.9647196403812139,0.6391886193987636,0.11867343746894665,-512.4853774173067,1034.9707548346134,1061.1918924126303,0.9699730191356988,0.6423106216637121,0.11387417554292811,-807.7293918912646,1625.4587837825293,1651.6799213605461,0.9697829874648702,0.6421900584371957,0.11404778034189045,-788.1287661775124,1584.2575323550248,1605.2344424174382,0.9897516741732477,0.6465401032581878,0.09580524305095317,-513.2065176438289,1040.4130352876577,1077.122627896881,3.7680029089958165,0.7841185716763356,-2.442286144480323,-563.7118216686339,1139.4236433372678,1170.8890084308878
